invoice_id,subscription_id,account_id,invoice_date,amount,status
1,1,10004,2025-02-22,3960.34,paid
2,1,10004,2025-03-22,3960.34,failed
3,1,10004,2025-04-22,3960.34,paid
4,1,10004,2025-05-22,3960.34,paid
5,1,10004,2025-06-22,3960.34,paid
6,1,10004,2025-07-22,3960.34,paid
7,1,10004,2025-08-22,3960.34,paid
8,1,10004,2025-09-22,3960.34,paid
9,1,10004,2025-10-22,3960.34,paid
10,1,10004,2025-11-22,3960.34,paid
11,1,10004,2025-12-22,3960.34,paid
12,1,10004,2026-01-22,3960.34,paid
13,2,10006,2025-12-28,16987.73,paid
14,2,10006,2026-01-28,16987.73,paid
15,2,10006,2026-02-28,16987.73,paid
16,2,10006,2026-03-28,16987.73,paid
17,2,10006,2026-04-28,16987.73,paid
18,2,10006,2026-05-28,16987.73,paid
19,2,10006,2026-06-28,16987.73,failed
20,2,10006,2026-07-28,16987.73,paid
21,2,10006,2026-08-28,16987.73,paid
22,2,10006,2026-09-28,16987.73,paid
23,2,10006,2026-10-28,16987.73,paid
24,2,10006,2026-11-28,16987.73,paid
25,3,10007,2025-03-11,2793.26,paid
26,3,10007,2025-04-11,2793.26,paid
27,3,10007,2025-05-11,2793.26,paid
28,3,10007,2025-06-11,2793.26,paid
29,3,10007,2025-07-11,2793.26,paid
30,3,10007,2025-08-11,2793.26,paid
31,3,10007,2025-09-11,2793.26,paid
32,3,10007,2025-10-11,2793.26,paid
33,3,10007,2025-11-11,2793.26,paid
34,3,10007,2025-12-11,2793.26,paid
35,3,10007,2026-01-11,2793.26,paid
36,3,10007,2026-02-11,2793.26,paid
37,4,10008,2025-12-30,4134.84,paid
38,4,10008,2026-01-30,4134.84,paid
39,4,10008,2026-02-28,4134.84,paid
40,4,10008,2026-03-30,4134.84,paid
41,4,10008,2026-04-30,4134.84,paid
42,4,10008,2026-05-30,4134.84,paid
43,4,10008,2026-06-30,4134.84,paid
44,4,10008,2026-07-30,4134.84,paid
45,4,10008,2026-08-30,4134.84,paid
46,4,10008,2026-09-30,4134.84,paid
47,4,10008,2026-10-30,4134.84,paid
48,4,10008,2026-11-30,4134.84,paid
49,5,10009,2025-05-03,1284.05,paid
50,5,10009,2025-06-03,1284.05,paid
51,5,10009,2025-07-03,1284.05,paid
52,5,10009,2025-08-03,1284.05,paid
53,5,10009,2025-09-03,1284.05,paid
54,5,10009,2025-10-03,1284.05,paid
55,5,10009,2025-11-03,1284.05,paid
56,5,10009,2025-12-03,1284.05,paid
57,5,10009,2026-01-03,1284.05,paid
58,5,10009,2026-02-03,1284.05,paid
59,5,10009,2026-03-03,1284.05,paid
60,5,10009,2026-04-03,1284.05,paid
61,6,10010,2026-02-18,2626.02,paid
62,6,10010,2026-03-18,2626.02,paid
63,6,10010,2026-04-18,2626.02,paid
64,6,10010,2026-05-18,2626.02,failed
65,6,10010,2026-06-18,2626.02,paid
66,6,10010,2026-07-18,2626.02,paid
67,6,10010,2026-08-18,2626.02,failed
68,6,10010,2026-09-18,2626.02,paid
69,6,10010,2026-10-18,2626.02,paid
70,6,10010,2026-11-18,2626.02,paid
71,6,10010,2026-12-18,2626.02,paid
72,6,10010,2027-01-18,2626.02,paid
73,7,10012,2025-02-22,11680.24,paid
74,7,10012,2025-03-22,11680.24,paid
75,7,10012,2025-04-22,11680.24,paid
76,7,10012,2025-05-22,11680.24,paid
77,7,10012,2025-06-22,11680.24,paid
78,7,10012,2025-07-22,11680.24,paid
79,7,10012,2025-08-22,11680.24,paid
80,7,10012,2025-09-22,11680.24,paid
81,7,10012,2025-10-22,11680.24,paid
82,7,10012,2025-11-22,11680.24,paid
83,7,10012,2025-12-22,11680.24,paid
84,7,10012,2026-01-22,11680.24,paid
85,8,10013,2025-11-13,4519.59,paid
86,8,10013,2025-12-13,4519.59,paid
87,8,10013,2026-01-13,4519.59,paid
88,8,10013,2026-02-13,4519.59,paid
89,8,10013,2026-03-13,4519.59,paid
90,8,10013,2026-04-13,4519.59,paid
91,8,10013,2026-05-13,4519.59,paid
92,8,10013,2026-06-13,4519.59,paid
93,8,10013,2026-07-13,4519.59,paid
94,8,10013,2026-08-13,4519.59,paid
95,8,10013,2026-09-13,4519.59,failed
96,8,10013,2026-10-13,4519.59,paid
97,9,10014,2025-06-08,15406.7,paid
98,9,10014,2025-07-08,15406.7,paid
99,9,10014,2025-08-08,15406.7,paid
100,9,10014,2025-09-08,15406.7,paid
101,9,10014,2025-10-08,15406.7,paid
102,9,10014,2025-11-08,15406.7,paid
103,9,10014,2025-12-08,15406.7,paid
104,9,10014,2026-01-08,15406.7,paid
105,9,10014,2026-02-08,15406.7,paid
106,9,10014,2026-03-08,15406.7,paid
107,9,10014,2026-04-08,15406.7,paid
108,9,10014,2026-05-08,15406.7,paid
109,10,10015,2025-09-08,3667.58,paid
110,10,10015,2025-10-08,3667.58,paid
111,10,10015,2025-11-08,3667.58,paid
112,10,10015,2025-12-08,3667.58,paid
113,10,10015,2026-01-08,3667.58,paid
114,10,10015,2026-02-08,3667.58,paid
115,10,10015,2026-03-08,3667.58,paid
116,10,10015,2026-04-08,3667.58,paid
117,10,10015,2026-05-08,3667.58,paid
118,10,10015,2026-06-08,3667.58,paid
119,10,10015,2026-07-08,3667.58,paid
120,10,10015,2026-08-08,3667.58,paid
121,11,10016,2025-11-04,840.4,paid
122,11,10016,2025-12-04,840.4,paid
123,11,10016,2026-01-04,840.4,paid
124,11,10016,2026-02-04,840.4,paid
125,11,10016,2026-03-04,840.4,paid
126,11,10016,2026-04-04,840.4,paid
127,11,10016,2026-05-04,840.4,paid
128,11,10016,2026-06-04,840.4,paid
129,11,10016,2026-07-04,840.4,paid
130,11,10016,2026-08-04,840.4,paid
131,11,10016,2026-09-04,840.4,paid
132,11,10016,2026-10-04,840.4,paid
133,12,10018,2025-09-30,988.94,paid
134,12,10018,2025-10-31,988.94,paid
135,12,10018,2025-11-30,988.94,paid
136,12,10018,2025-12-31,988.94,paid
137,12,10018,2026-01-31,988.94,paid
138,12,10018,2026-02-28,988.94,failed
139,12,10018,2026-03-31,988.94,paid
140,12,10018,2026-04-30,988.94,failed
141,12,10018,2026-05-31,988.94,paid
142,12,10018,2026-06-30,988.94,paid
143,12,10018,2026-07-31,988.94,paid
144,12,10018,2026-08-31,988.94,paid
145,13,10019,2025-09-06,10734.75,paid
146,13,10019,2025-10-06,10734.75,paid
147,13,10019,2025-11-06,10734.75,paid
148,13,10019,2025-12-06,10734.75,paid
149,13,10019,2026-01-06,10734.75,paid
150,13,10019,2026-02-06,10734.75,paid
151,13,10019,2026-03-06,10734.75,paid
152,13,10019,2026-04-06,-25.0,paid
153,13,10019,2026-05-06,10734.75,paid
154,13,10019,2026-06-06,10734.75,paid
155,13,10019,2026-07-06,10734.75,paid
156,13,10019,2026-08-06,10734.75,paid
157,14,10020,2025-08-03,3733.0,paid
158,14,10020,2025-09-03,3733.0,paid
159,14,10020,2025-10-03,3733.0,paid
160,14,10020,2025-11-03,3733.0,paid
161,14,10020,2025-12-03,3733.0,paid
162,14,10020,2026-01-03,3733.0,paid
163,14,10020,2026-02-03,3733.0,paid
164,14,10020,2026-03-03,3733.0,paid
165,14,10020,2026-04-03,3733.0,paid
166,14,10020,2026-05-03,3733.0,paid
167,14,10020,2026-06-03,3733.0,paid
168,14,10020,2026-07-03,3733.0,paid
169,15,10021,2025-07-19,2716.15,paid
170,15,10021,2025-08-19,2716.15,paid
171,15,10021,2025-09-19,2716.15,paid
172,15,10021,2025-10-19,2716.15,paid
173,15,10021,2025-11-19,2716.15,paid
174,15,10021,2025-12-19,2716.15,paid
175,15,10021,2026-01-19,2716.15,paid
176,15,10021,2026-02-19,2716.15,paid
177,15,10021,2026-03-19,2716.15,paid
178,15,10021,2026-04-19,2716.15,paid
179,15,10021,2026-05-19,2716.15,paid
180,15,10021,2026-06-19,2716.15,paid
181,16,10022,2025-12-05,1085.06,paid
182,16,10022,2026-01-05,1085.06,paid
183,16,10022,2026-02-05,1085.06,paid
184,16,10022,2026-03-05,1085.06,paid
185,16,10022,2026-04-05,1085.06,paid
186,16,10022,2026-05-05,1085.06,paid
187,16,10022,2026-06-05,1085.06,paid
188,16,10022,2026-07-05,1085.06,paid
189,16,10022,2026-08-05,1085.06,paid
190,16,10022,2026-09-05,1085.06,paid
191,16,10022,2026-10-05,1085.06,paid
192,16,10022,2026-11-05,1085.06,paid
193,17,10023,2025-12-14,9620.61,paid
194,17,10023,2026-01-14,9620.61,paid
195,17,10023,2026-02-14,9620.61,failed
196,17,10023,2026-03-14,9620.61,paid
197,17,10023,2026-04-14,9620.61,paid
198,17,10023,2026-05-14,9620.61,paid
199,17,10023,2026-06-14,9620.61,paid
200,17,10023,2026-07-14,9620.61,paid
201,17,10023,2026-08-14,9620.61,paid
202,17,10023,2026-09-14,9620.61,paid
203,17,10023,2026-10-14,9620.61,paid
204,17,10023,2026-11-14,9620.61,paid
205,18,10024,2025-07-29,10133.09,paid
206,18,10024,2025-08-29,10133.09,paid
207,18,10024,2025-09-29,10133.09,paid
208,18,10024,2025-10-29,10133.09,paid
209,18,10024,2025-11-29,10133.09,paid
210,18,10024,2025-12-29,10133.09,paid
211,18,10024,2026-01-29,10133.09,paid
212,18,10024,2026-02-28,10133.09,paid
213,18,10024,2026-03-29,10133.09,paid
214,18,10024,2026-04-29,10133.09,paid
215,18,10024,2026-05-29,10133.09,paid
216,18,10024,2026-06-29,10133.09,paid
217,19,10026,2026-01-31,1181.83,paid
218,19,10026,2026-02-28,1181.83,paid
219,19,10026,2026-03-31,1181.83,paid
220,19,10026,2026-04-30,1181.83,paid
221,19,10026,2026-05-31,1181.83,paid
222,19,10026,2026-06-30,1181.83,paid
223,19,10026,2026-07-31,1181.83,paid
224,19,10026,2026-08-31,1181.83,paid
225,19,10026,2026-09-30,1181.83,paid
226,19,10026,2026-10-31,1181.83,paid
227,19,10026,2026-11-30,1181.83,paid
228,19,10026,2026-12-31,1181.83,paid
229,20,10029,2025-10-09,773.77,paid
230,20,10029,2025-11-09,773.77,paid
231,20,10029,2025-12-09,773.77,paid
232,20,10029,2026-01-09,773.77,paid
233,20,10029,2026-02-09,773.77,paid
234,20,10029,2026-03-09,773.77,paid
235,20,10029,2026-04-09,773.77,paid
236,20,10029,2026-05-09,773.77,paid
237,20,10029,2026-06-09,773.77,paid
238,20,10029,2026-07-09,773.77,paid
239,20,10029,2026-08-09,773.77,paid
240,20,10029,2026-09-09,773.77,paid
241,21,10030,2025-09-26,2894.26,paid
242,21,10030,2025-10-26,2894.26,paid
243,21,10030,2025-11-26,2894.26,paid
244,21,10030,2025-12-26,2894.26,paid
245,21,10030,2026-01-26,2894.26,paid
246,21,10030,2026-02-26,2894.26,paid
247,21,10030,2026-03-26,2894.26,paid
248,21,10030,2026-04-26,2894.26,paid
249,21,10030,2026-05-26,2894.26,paid
250,21,10030,2026-06-26,2894.26,paid
251,21,10030,2026-07-26,2894.26,paid
252,21,10030,2026-08-26,2894.26,paid
253,22,10031,2025-09-22,3450.52,paid
254,22,10031,2025-10-22,3450.52,paid
255,22,10031,2025-11-22,3450.52,paid
256,22,10031,2025-12-22,3450.52,paid
257,22,10031,2026-01-22,3450.52,paid
258,22,10031,2026-02-22,3450.52,paid
259,22,10031,2026-03-22,3450.52,paid
260,22,10031,2026-04-22,3450.52,paid
261,22,10031,2026-05-22,3450.52,paid
262,22,10031,2026-06-22,3450.52,paid
263,22,10031,2026-07-22,3450.52,paid
264,22,10031,2026-08-22,3450.52,paid
265,23,10032,2025-09-30,16134.71,paid
266,23,10032,2025-10-31,16134.71,paid
267,23,10032,2025-11-30,16134.71,paid
268,23,10032,2025-12-31,16134.71,paid
269,23,10032,2026-01-31,16134.71,paid
270,23,10032,2026-02-28,16134.71,paid
271,23,10032,2026-03-31,16134.71,paid
272,23,10032,2026-04-30,16134.71,paid
273,23,10032,2026-05-31,16134.71,paid
274,23,10032,2026-06-30,16134.71,paid
275,23,10032,2026-07-31,16134.71,paid
276,23,10032,2026-08-31,16134.71,paid
277,24,10033,2026-01-25,1222.6,paid
278,24,10033,2026-02-25,1222.6,paid
279,24,10033,2026-03-25,1222.6,paid
280,24,10033,2026-04-25,1222.6,paid
281,24,10033,2026-05-25,1222.6,paid
282,24,10033,2026-06-25,1222.6,paid
283,24,10033,2026-07-25,1222.6,paid
284,24,10033,2026-08-25,1222.6,paid
285,24,10033,2026-09-25,1222.6,paid
286,24,10033,2026-10-25,1222.6,paid
287,24,10033,2026-11-25,1222.6,paid
288,24,10033,2026-12-25,1222.6,paid
289,25,10034,2025-05-09,1226.71,paid
290,25,10034,2025-06-09,1226.71,paid
291,25,10034,2025-07-09,1226.71,paid
292,25,10034,2025-08-09,1226.71,paid
293,25,10034,2025-09-09,1226.71,paid
294,25,10034,2025-10-09,1226.71,paid
295,25,10034,2025-11-09,1226.71,paid
296,25,10034,2025-12-09,1226.71,paid
297,25,10034,2026-01-09,1226.71,paid
298,25,10034,2026-02-09,1226.71,paid
299,25,10034,2026-03-09,1226.71,paid
300,25,10034,2026-04-09,1226.71,paid
301,26,10035,2025-05-24,4158.75,paid
302,26,10035,2025-06-24,4158.75,paid
303,26,10035,2025-07-24,4158.75,paid
304,26,10035,2025-08-24,4158.75,paid
305,26,10035,2025-09-24,4158.75,paid
306,26,10035,2025-10-24,4158.75,paid
307,26,10035,2025-11-24,4158.75,paid
308,26,10035,2025-12-24,4158.75,paid
309,26,10035,2026-01-24,4158.75,paid
310,26,10035,2026-02-24,4158.75,failed
311,26,10035,2026-03-24,4158.75,paid
312,26,10035,2026-04-24,4158.75,paid
313,27,10036,2025-06-05,1131.27,paid
314,27,10036,2025-07-05,1131.27,paid
315,27,10036,2025-08-05,1131.27,paid
316,27,10036,2025-09-05,1131.27,failed
317,27,10036,2025-10-05,1131.27,paid
318,27,10036,2025-11-05,1131.27,paid
319,27,10036,2025-12-05,1131.27,paid
320,27,10036,2026-01-05,1131.27,paid
321,27,10036,2026-02-05,1131.27,paid
322,27,10036,2026-03-05,1131.27,paid
323,27,10036,2026-04-05,1131.27,paid
324,27,10036,2026-05-05,1131.27,paid
325,28,10037,2026-02-11,1110.27,paid
326,28,10037,2026-03-11,1110.27,paid
327,28,10037,2026-04-11,1110.27,paid
328,28,10037,2026-05-11,1110.27,paid
329,28,10037,2026-06-11,1110.27,paid
330,28,10037,2026-07-11,1110.27,failed
331,28,10037,2026-08-11,1110.27,paid
332,28,10037,2026-09-11,1110.27,paid
333,28,10037,2026-10-11,1110.27,paid
334,28,10037,2026-11-11,1110.27,paid
335,28,10037,2026-12-11,1110.27,paid
336,28,10037,2027-01-11,1110.27,paid
337,29,10038,2025-09-20,2892.27,paid
338,29,10038,2025-10-20,2892.27,paid
339,29,10038,2025-11-20,2892.27,paid
340,29,10038,2025-12-20,2892.27,paid
341,29,10038,2026-01-20,2892.27,paid
342,29,10038,2026-02-20,2892.27,paid
343,29,10038,2026-03-20,2892.27,paid
344,29,10038,2026-04-20,2892.27,paid
345,29,10038,2026-05-20,2892.27,paid
346,29,10038,2026-06-20,2892.27,paid
347,29,10038,2026-07-20,2892.27,paid
348,29,10038,2026-08-20,2892.27,paid
349,30,10039,2026-01-24,1109.76,paid
350,30,10039,2026-02-24,1109.76,paid
351,30,10039,2026-03-24,1109.76,paid
352,30,10039,2026-04-24,1109.76,paid
353,30,10039,2026-05-24,1109.76,paid
354,30,10039,2026-06-24,1109.76,paid
355,30,10039,2026-07-24,1109.76,paid
356,30,10039,2026-08-24,1109.76,paid
357,30,10039,2026-09-24,1109.76,paid
358,30,10039,2026-10-24,1109.76,paid
359,30,10039,2026-11-24,1109.76,paid
360,30,10039,2026-12-24,1109.76,paid
361,31,10040,2026-01-26,4371.54,paid
362,31,10040,2026-02-26,4371.54,paid
363,31,10040,2026-03-26,4371.54,paid
364,31,10040,2026-04-26,4371.54,paid
365,31,10040,2026-05-26,4371.54,paid
366,31,10040,2026-06-26,4371.54,paid
367,31,10040,2026-07-26,4371.54,paid
368,31,10040,2026-08-26,4371.54,paid
369,31,10040,2026-09-26,4371.54,paid
370,31,10040,2026-10-26,4371.54,paid
371,31,10040,2026-11-26,4371.54,paid
372,31,10040,2026-12-26,4371.54,paid
373,32,10041,2025-04-29,4017.67,paid
374,32,10041,2025-05-29,4017.67,paid
375,32,10041,2025-06-29,4017.67,paid
376,32,10041,2025-07-29,4017.67,paid
377,32,10041,2025-08-29,4017.67,paid
378,32,10041,2025-09-29,4017.67,paid
379,32,10041,2025-10-29,4017.67,paid
380,32,10041,2025-11-29,4017.67,paid
381,32,10041,2025-12-29,4017.67,paid
382,32,10041,2026-01-29,4017.67,paid
383,32,10041,2026-02-28,4017.67,paid
384,32,10041,2026-03-29,4017.67,paid
385,33,10042,2025-02-06,11602.29,failed
386,33,10042,2025-03-06,11602.29,paid
387,33,10042,2025-04-06,11602.29,paid
388,33,10042,2025-05-06,11602.29,paid
389,33,10042,2025-06-06,11602.29,paid
390,33,10042,2025-07-06,11602.29,paid
391,33,10042,2025-08-06,11602.29,paid
392,33,10042,2025-09-06,11602.29,failed
393,33,10042,2025-10-06,11602.29,paid
394,33,10042,2025-11-06,11602.29,paid
395,33,10042,2025-12-06,11602.29,paid
396,33,10042,2026-01-06,11602.29,paid
397,34,10043,2025-10-15,4866.36,paid
398,34,10043,2025-11-15,4866.36,paid
399,34,10043,2025-12-15,4866.36,paid
400,34,10043,2026-01-15,4866.36,paid
401,34,10043,2026-02-15,4866.36,paid
402,34,10043,2026-03-15,4866.36,paid
403,34,10043,2026-04-15,4866.36,paid
404,34,10043,2026-05-15,4866.36,paid
405,34,10043,2026-06-15,4866.36,paid
406,34,10043,2026-07-15,4866.36,paid
407,34,10043,2026-08-15,4866.36,paid
408,34,10043,2026-09-15,4866.36,paid
409,35,10044,2025-04-21,1148.83,paid
410,35,10044,2025-05-21,1148.83,paid
411,35,10044,2025-06-21,1148.83,paid
412,35,10044,2025-07-21,1148.83,paid
413,35,10044,2025-08-21,1148.83,paid
414,35,10044,2025-09-21,1148.83,paid
415,35,10044,2025-10-21,1148.83,paid
416,35,10044,2025-11-21,1148.83,paid
417,35,10044,2025-12-21,-25.0,paid
418,35,10044,2026-01-21,1148.83,paid
419,35,10044,2026-02-21,1148.83,paid
420,35,10044,2026-03-21,1148.83,paid
421,36,10045,2025-03-28,9605.96,paid
422,36,10045,2025-04-28,9605.96,paid
423,36,10045,2025-05-28,9605.96,paid
424,36,10045,2025-06-28,9605.96,paid
425,36,10045,2025-07-28,9605.96,paid
426,36,10045,2025-08-28,9605.96,paid
427,36,10045,2025-09-28,9605.96,paid
428,36,10045,2025-10-28,9605.96,paid
429,36,10045,2025-11-28,9605.96,paid
430,36,10045,2025-12-28,9605.96,paid
431,36,10045,2026-01-28,9605.96,paid
432,36,10045,2026-02-28,9605.96,paid
433,37,10046,2025-04-14,17182.68,paid
434,37,10046,2025-05-14,17182.68,paid
435,37,10046,2025-06-14,17182.68,paid
436,37,10046,2025-07-14,17182.68,paid
437,37,10046,2025-08-14,17182.68,paid
438,37,10046,2025-09-14,17182.68,paid
439,37,10046,2025-10-14,17182.68,paid
440,37,10046,2025-11-14,17182.68,paid
441,37,10046,2025-12-14,17182.68,paid
442,37,10046,2026-01-14,17182.68,paid
443,37,10046,2026-02-14,17182.68,paid
444,37,10046,2026-03-14,17182.68,paid
445,38,10049,2025-05-07,3016.82,paid
446,38,10049,2025-06-07,3016.82,paid
447,38,10049,2025-07-07,3016.82,paid
448,38,10049,2025-08-07,3016.82,paid
449,38,10049,2025-09-07,3016.82,paid
450,38,10049,2025-10-07,3016.82,paid
451,38,10049,2025-11-07,3016.82,paid
452,38,10049,2025-12-07,3016.82,paid
453,38,10049,2026-01-07,3016.82,paid
454,38,10049,2026-02-07,3016.82,paid
455,38,10049,2026-03-07,3016.82,paid
456,38,10049,2026-04-07,3016.82,paid
457,39,10050,2025-09-30,991.08,paid
458,39,10050,2025-10-31,991.08,paid
459,39,10050,2025-11-30,991.08,paid
460,39,10050,2025-12-31,991.08,paid
461,39,10050,2026-01-31,991.08,paid
462,39,10050,2026-02-28,991.08,paid
463,39,10050,2026-03-31,991.08,paid
464,39,10050,2026-04-30,991.08,paid
465,39,10050,2026-05-31,991.08,paid
466,39,10050,2026-06-30,991.08,paid
467,39,10050,2026-07-31,991.08,paid
468,39,10050,2026-08-31,991.08,paid
469,40,10052,2025-09-29,-25.0,paid
470,40,10052,2025-10-29,1054.11,paid
471,40,10052,2025-11-29,1054.11,paid
472,40,10052,2025-12-29,1054.11,paid
473,40,10052,2026-01-29,1054.11,failed
474,40,10052,2026-02-28,1054.11,paid
475,40,10052,2026-03-29,1054.11,paid
476,40,10052,2026-04-29,1054.11,paid
477,40,10052,2026-05-29,1054.11,paid
478,40,10052,2026-06-29,1054.11,paid
479,40,10052,2026-07-29,1054.11,paid
480,40,10052,2026-08-29,1054.11,paid
481,41,10053,2025-11-28,5073.82,paid
482,41,10053,2025-12-28,5073.82,paid
483,41,10053,2026-01-28,5073.82,paid
484,41,10053,2026-02-28,5073.82,paid
485,41,10053,2026-03-28,5073.82,failed
486,41,10053,2026-04-28,5073.82,paid
487,41,10053,2026-05-28,5073.82,paid
488,41,10053,2026-06-28,5073.82,paid
489,41,10053,2026-07-28,5073.82,paid
490,41,10053,2026-08-28,5073.82,paid
491,41,10053,2026-09-28,5073.82,paid
492,41,10053,2026-10-28,5073.82,paid
493,42,10055,2025-06-17,2891.05,failed
494,42,10055,2025-07-17,2891.05,paid
495,42,10055,2025-08-17,2891.05,paid
496,42,10055,2025-09-17,2891.05,paid
497,42,10055,2025-10-17,2891.05,paid
498,42,10055,2025-11-17,2891.05,paid
499,42,10055,2025-12-17,2891.05,paid
500,42,10055,2026-01-17,2891.05,paid
501,42,10055,2026-02-17,2891.05,paid
502,42,10055,2026-03-17,2891.05,paid
503,42,10055,2026-04-17,2891.05,paid
504,42,10055,2026-05-17,2891.05,paid
505,43,10056,2025-05-08,3294.68,paid
506,43,10056,2025-06-08,3294.68,failed
507,43,10056,2025-07-08,3294.68,paid
508,43,10056,2025-08-08,3294.68,paid
509,43,10056,2025-09-08,3294.68,paid
510,43,10056,2025-10-08,3294.68,paid
511,43,10056,2025-11-08,3294.68,paid
512,43,10056,2025-12-08,3294.68,paid
513,43,10056,2026-01-08,3294.68,failed
514,43,10056,2026-02-08,3294.68,paid
515,43,10056,2026-03-08,3294.68,paid
516,43,10056,2026-04-08,3294.68,paid
517,44,10057,2025-08-11,3269.14,paid
518,44,10057,2025-09-11,3269.14,paid
519,44,10057,2025-10-11,3269.14,paid
520,44,10057,2025-11-11,3269.14,failed
521,44,10057,2025-12-11,3269.14,paid
522,44,10057,2026-01-11,3269.14,paid
523,44,10057,2026-02-11,3269.14,paid
524,44,10057,2026-03-11,3269.14,paid
525,44,10057,2026-04-11,3269.14,paid
526,44,10057,2026-05-11,3269.14,paid
527,44,10057,2026-06-11,3269.14,failed
528,44,10057,2026-07-11,3269.14,paid
529,45,10058,2025-03-17,3387.89,paid
530,45,10058,2025-04-17,3387.89,paid
531,45,10058,2025-05-17,3387.89,paid
532,45,10058,2025-06-17,3387.89,paid
533,45,10058,2025-07-17,3387.89,paid
534,45,10058,2025-08-17,3387.89,paid
535,45,10058,2025-09-17,3387.89,paid
536,45,10058,2025-10-17,3387.89,paid
537,45,10058,2025-11-17,3387.89,paid
538,45,10058,2025-12-17,3387.89,paid
539,45,10058,2026-01-17,3387.89,paid
540,45,10058,2026-02-17,3387.89,paid
541,46,10060,2025-12-18,760.55,paid
542,46,10060,2026-01-18,760.55,paid
543,46,10060,2026-02-18,760.55,paid
544,46,10060,2026-03-18,760.55,paid
545,46,10060,2026-04-18,760.55,paid
546,46,10060,2026-05-18,760.55,paid
547,46,10060,2026-06-18,760.55,paid
548,46,10060,2026-07-18,760.55,paid
549,46,10060,2026-08-18,760.55,paid
550,46,10060,2026-09-18,760.55,paid
551,46,10060,2026-10-18,760.55,paid
552,46,10060,2026-11-18,760.55,paid
553,47,10061,2026-02-24,3692.44,paid
554,47,10061,2026-03-24,3692.44,paid
555,47,10061,2026-04-24,3692.44,paid
556,47,10061,2026-05-24,3692.44,paid
557,47,10061,2026-06-24,3692.44,paid
558,47,10061,2026-07-24,3692.44,paid
559,47,10061,2026-08-24,3692.44,paid
560,47,10061,2026-09-24,3692.44,paid
561,47,10061,2026-10-24,3692.44,paid
562,47,10061,2026-11-24,3692.44,paid
563,47,10061,2026-12-24,3692.44,paid
564,47,10061,2027-01-24,3692.44,paid
565,48,10062,2026-01-14,3730.12,paid
566,48,10062,2026-02-14,3730.12,paid
567,48,10062,2026-03-14,3730.12,paid
568,48,10062,2026-04-14,3730.12,paid
569,48,10062,2026-05-14,3730.12,paid
570,48,10062,2026-06-14,3730.12,paid
571,48,10062,2026-07-14,3730.12,paid
572,48,10062,2026-08-14,3730.12,paid
573,48,10062,2026-09-14,3730.12,paid
574,48,10062,2026-10-14,3730.12,paid
575,48,10062,2026-11-14,3730.12,paid
576,48,10062,2026-12-14,3730.12,paid
577,49,10063,2025-02-23,3748.29,paid
578,49,10063,2025-03-23,3748.29,paid
579,49,10063,2025-04-23,3748.29,paid
580,49,10063,2025-05-23,3748.29,paid
581,49,10063,2025-06-23,3748.29,paid
582,49,10063,2025-07-23,3748.29,paid
583,49,10063,2025-08-23,3748.29,paid
584,49,10063,2025-09-23,3748.29,paid
585,49,10063,2025-10-23,3748.29,paid
586,49,10063,2025-11-23,3748.29,paid
587,49,10063,2025-12-23,3748.29,paid
588,49,10063,2026-01-23,3748.29,paid
589,50,10066,2025-08-24,4684.41,paid
590,50,10066,2025-09-24,4684.41,paid
591,50,10066,2025-10-24,4684.41,paid
592,50,10066,2025-11-24,4684.41,paid
593,50,10066,2025-12-24,4684.41,paid
594,50,10066,2026-01-24,4684.41,paid
595,50,10066,2026-02-24,4684.41,paid
596,50,10066,2026-03-24,4684.41,paid
597,50,10066,2026-04-24,4684.41,paid
598,50,10066,2026-05-24,4684.41,paid
599,50,10066,2026-06-24,4684.41,paid
600,50,10066,2026-07-24,4684.41,paid
601,51,10067,2025-10-01,3954.59,paid
602,51,10067,2025-11-01,3954.59,paid
603,51,10067,2025-12-01,3954.59,paid
604,51,10067,2026-01-01,3954.59,paid
605,51,10067,2026-02-01,3954.59,failed
606,51,10067,2026-03-01,3954.59,paid
607,51,10067,2026-04-01,3954.59,paid
608,51,10067,2026-05-01,3954.59,paid
609,51,10067,2026-06-01,3954.59,paid
610,51,10067,2026-07-01,3954.59,paid
611,51,10067,2026-08-01,3954.59,paid
612,51,10067,2026-09-01,3954.59,failed
613,52,10069,2025-06-20,734.76,paid
614,52,10069,2025-07-20,734.76,paid
615,52,10069,2025-08-20,734.76,paid
616,52,10069,2025-09-20,734.76,paid
617,52,10069,2025-10-20,734.76,failed
618,52,10069,2025-11-20,734.76,paid
619,52,10069,2025-12-20,734.76,paid
620,52,10069,2026-01-20,734.76,paid
621,52,10069,2026-02-20,734.76,paid
622,52,10069,2026-03-20,734.76,paid
623,52,10069,2026-04-20,734.76,paid
624,52,10069,2026-05-20,734.76,paid
625,53,10070,2025-03-08,3638.47,paid
626,53,10070,2025-04-08,3638.47,paid
627,53,10070,2025-05-08,3638.47,paid
628,53,10070,2025-06-08,3638.47,paid
629,53,10070,2025-07-08,3638.47,paid
630,53,10070,2025-08-08,3638.47,paid
631,53,10070,2025-09-08,3638.47,paid
632,53,10070,2025-10-08,3638.47,paid
633,53,10070,2025-11-08,3638.47,paid
634,53,10070,2025-12-08,3638.47,paid
635,53,10070,2026-01-08,3638.47,paid
636,53,10070,2026-02-08,3638.47,paid
637,54,10071,2026-01-15,1042.28,paid
638,54,10071,2026-02-15,1042.28,paid
639,54,10071,2026-03-15,1042.28,paid
640,54,10071,2026-04-15,1042.28,paid
641,54,10071,2026-05-15,1042.28,paid
642,54,10071,2026-06-15,1042.28,paid
643,54,10071,2026-07-15,1042.28,paid
644,54,10071,2026-08-15,1042.28,paid
645,54,10071,2026-09-15,1042.28,paid
646,54,10071,2026-10-15,1042.28,paid
647,54,10071,2026-11-15,1042.28,paid
648,54,10071,2026-12-15,1042.28,paid
649,55,10072,2025-08-01,993.13,paid
650,55,10072,2025-09-01,993.13,paid
651,55,10072,2025-10-01,993.13,paid
652,55,10072,2025-11-01,993.13,paid
653,55,10072,2025-12-01,993.13,paid
654,55,10072,2026-01-01,993.13,paid
655,55,10072,2026-02-01,993.13,paid
656,55,10072,2026-03-01,993.13,paid
657,55,10072,2026-04-01,993.13,paid
658,55,10072,2026-05-01,993.13,paid
659,55,10072,2026-06-01,993.13,paid
660,55,10072,2026-07-01,993.13,paid
661,56,10074,2026-02-07,1025.1,paid
662,56,10074,2026-03-07,1025.1,paid
663,56,10074,2026-04-07,1025.1,paid
664,56,10074,2026-05-07,1025.1,paid
665,56,10074,2026-06-07,1025.1,paid
666,56,10074,2026-07-07,1025.1,paid
667,56,10074,2026-08-07,1025.1,paid
668,56,10074,2026-09-07,1025.1,paid
669,56,10074,2026-10-07,1025.1,paid
670,56,10074,2026-11-07,1025.1,paid
671,56,10074,2026-12-07,1025.1,paid
672,56,10074,2027-01-07,1025.1,paid
673,57,10075,2025-04-03,887.99,paid
674,57,10075,2025-05-03,887.99,paid
675,57,10075,2025-06-03,887.99,paid
676,57,10075,2025-07-03,887.99,paid
677,57,10075,2025-08-03,887.99,paid
678,57,10075,2025-09-03,887.99,paid
679,57,10075,2025-10-03,887.99,paid
680,57,10075,2025-11-03,887.99,paid
681,57,10075,2025-12-03,-25.0,paid
682,57,10075,2026-01-03,887.99,paid
683,57,10075,2026-02-03,887.99,paid
684,57,10075,2026-03-03,887.99,paid
685,58,10076,2025-11-14,1026.75,paid
686,58,10076,2025-12-14,1026.75,paid
687,58,10076,2026-01-14,1026.75,paid
688,58,10076,2026-02-14,1026.75,paid
689,58,10076,2026-03-14,1026.75,paid
690,58,10076,2026-04-14,1026.75,paid
691,58,10076,2026-05-14,1026.75,paid
692,58,10076,2026-06-14,1026.75,paid
693,58,10076,2026-07-14,1026.75,paid
694,58,10076,2026-08-14,1026.75,paid
695,58,10076,2026-09-14,1026.75,paid
696,58,10076,2026-10-14,1026.75,paid
697,59,10077,2025-02-06,1239.35,paid
698,59,10077,2025-03-06,1239.35,paid
699,59,10077,2025-04-06,1239.35,paid
700,59,10077,2025-05-06,1239.35,paid
701,59,10077,2025-06-06,1239.35,paid
702,59,10077,2025-07-06,1239.35,paid
703,59,10077,2025-08-06,1239.35,paid
704,59,10077,2025-09-06,1239.35,paid
705,59,10077,2025-10-06,1239.35,paid
706,59,10077,2025-11-06,1239.35,paid
707,59,10077,2025-12-06,1239.35,paid
708,59,10077,2026-01-06,1239.35,paid
709,60,10078,2025-08-01,4362.61,paid
710,60,10078,2025-09-01,4362.61,paid
711,60,10078,2025-10-01,4362.61,paid
712,60,10078,2025-11-01,4362.61,paid
713,60,10078,2025-12-01,4362.61,paid
714,60,10078,2026-01-01,4362.61,paid
715,60,10078,2026-02-01,4362.61,paid
716,60,10078,2026-03-01,4362.61,paid
717,60,10078,2026-04-01,4362.61,paid
718,60,10078,2026-05-01,4362.61,paid
719,60,10078,2026-06-01,4362.61,paid
720,60,10078,2026-07-01,4362.61,paid
721,61,10079,2025-07-09,3893.14,paid
722,61,10079,2025-08-09,3893.14,paid
723,61,10079,2025-09-09,3893.14,paid
724,61,10079,2025-10-09,3893.14,paid
725,61,10079,2025-11-09,3893.14,paid
726,61,10079,2025-12-09,3893.14,paid
727,61,10079,2026-01-09,3893.14,paid
728,61,10079,2026-02-09,3893.14,paid
729,61,10079,2026-03-09,3893.14,paid
730,61,10079,2026-04-09,3893.14,failed
731,61,10079,2026-05-09,3893.14,paid
732,61,10079,2026-06-09,3893.14,paid
733,62,10081,2026-02-13,2891.36,paid
734,62,10081,2026-03-13,2891.36,paid
735,62,10081,2026-04-13,2891.36,paid
736,62,10081,2026-05-13,2891.36,paid
737,62,10081,2026-06-13,2891.36,paid
738,62,10081,2026-07-13,2891.36,paid
739,62,10081,2026-08-13,2891.36,paid
740,62,10081,2026-09-13,2891.36,paid
741,62,10081,2026-10-13,2891.36,paid
742,62,10081,2026-11-13,2891.36,paid
743,62,10081,2026-12-13,2891.36,paid
744,62,10081,2027-01-13,2891.36,paid
745,63,10082,2025-02-25,807.3,paid
746,63,10082,2025-03-25,807.3,paid
747,63,10082,2025-04-25,807.3,paid
748,63,10082,2025-05-25,807.3,failed
749,63,10082,2025-06-25,807.3,paid
750,63,10082,2025-07-25,807.3,paid
751,63,10082,2025-08-25,807.3,paid
752,63,10082,2025-09-25,807.3,paid
753,63,10082,2025-10-25,807.3,paid
754,63,10082,2025-11-25,807.3,paid
755,63,10082,2025-12-25,807.3,paid
756,63,10082,2026-01-25,807.3,paid
757,64,10083,2025-12-21,15896.86,paid
758,64,10083,2026-01-21,15896.86,paid
759,64,10083,2026-02-21,15896.86,paid
760,64,10083,2026-03-21,15896.86,paid
761,64,10083,2026-04-21,15896.86,paid
762,64,10083,2026-05-21,15896.86,paid
763,64,10083,2026-06-21,15896.86,paid
764,64,10083,2026-07-21,15896.86,paid
765,64,10083,2026-08-21,15896.86,paid
766,64,10083,2026-09-21,15896.86,paid
767,64,10083,2026-10-21,15896.86,paid
768,64,10083,2026-11-21,15896.86,paid
769,65,10084,2025-12-12,1148.24,paid
770,65,10084,2026-01-12,1148.24,paid
771,65,10084,2026-02-12,1148.24,paid
772,65,10084,2026-03-12,1148.24,paid
773,65,10084,2026-04-12,1148.24,paid
774,65,10084,2026-05-12,1148.24,paid
775,65,10084,2026-06-12,1148.24,paid
776,65,10084,2026-07-12,1148.24,paid
777,65,10084,2026-08-12,1148.24,paid
778,65,10084,2026-09-12,1148.24,paid
779,65,10084,2026-10-12,1148.24,paid
780,65,10084,2026-11-12,1148.24,paid
781,66,10085,2025-12-05,1080.69,paid
782,66,10085,2026-01-05,1080.69,paid
783,66,10085,2026-02-05,1080.69,failed
784,66,10085,2026-03-05,1080.69,paid
785,66,10085,2026-04-05,1080.69,paid
786,66,10085,2026-05-05,1080.69,paid
787,66,10085,2026-06-05,1080.69,paid
788,66,10085,2026-07-05,1080.69,paid
789,66,10085,2026-08-05,1080.69,paid
790,66,10085,2026-09-05,1080.69,paid
791,66,10085,2026-10-05,1080.69,paid
792,66,10085,2026-11-05,1080.69,paid
793,67,10086,2025-11-03,1125.65,paid
794,67,10086,2025-12-03,1125.65,paid
795,67,10086,2026-01-03,1125.65,paid
796,67,10086,2026-02-03,1125.65,paid
797,67,10086,2026-03-03,1125.65,paid
798,67,10086,2026-04-03,1125.65,paid
799,67,10086,2026-05-03,1125.65,paid
800,67,10086,2026-06-03,1125.65,paid
801,67,10086,2026-07-03,1125.65,paid
802,67,10086,2026-08-03,1125.65,paid
803,67,10086,2026-09-03,1125.65,paid
804,67,10086,2026-10-03,1125.65,paid
805,68,10088,2025-12-01,3055.48,paid
806,68,10088,2026-01-01,3055.48,paid
807,68,10088,2026-02-01,3055.48,paid
808,68,10088,2026-03-01,3055.48,paid
809,68,10088,2026-04-01,3055.48,paid
810,68,10088,2026-05-01,3055.48,paid
811,68,10088,2026-06-01,3055.48,paid
812,68,10088,2026-07-01,3055.48,paid
813,68,10088,2026-08-01,3055.48,paid
814,68,10088,2026-09-01,3055.48,paid
815,68,10088,2026-10-01,3055.48,paid
816,68,10088,2026-11-01,3055.48,paid
817,69,10089,2025-09-13,692.1,paid
818,69,10089,2025-10-13,692.1,paid
819,69,10089,2025-11-13,692.1,paid
820,69,10089,2025-12-13,692.1,paid
821,69,10089,2026-01-13,692.1,paid
822,69,10089,2026-02-13,692.1,paid
823,69,10089,2026-03-13,692.1,paid
824,69,10089,2026-04-13,692.1,paid
825,69,10089,2026-05-13,692.1,paid
826,69,10089,2026-06-13,692.1,paid
827,69,10089,2026-07-13,692.1,paid
828,69,10089,2026-08-13,692.1,paid
829,70,10090,2025-09-11,2637.7,paid
830,70,10090,2025-10-11,2637.7,paid
831,70,10090,2025-11-11,2637.7,paid
832,70,10090,2025-12-11,2637.7,paid
833,70,10090,2026-01-11,2637.7,paid
834,70,10090,2026-02-11,2637.7,paid
835,70,10090,2026-03-11,2637.7,paid
836,70,10090,2026-04-11,2637.7,paid
837,70,10090,2026-05-11,2637.7,paid
838,70,10090,2026-06-11,2637.7,paid
839,70,10090,2026-07-11,2637.7,paid
840,70,10090,2026-08-11,2637.7,paid
841,71,10092,2025-02-23,4091.73,paid
842,71,10092,2025-03-23,4091.73,paid
843,71,10092,2025-04-23,4091.73,paid
844,71,10092,2025-05-23,4091.73,paid
845,71,10092,2025-06-23,4091.73,paid
846,71,10092,2025-07-23,4091.73,failed
847,71,10092,2025-08-23,4091.73,paid
848,71,10092,2025-09-23,4091.73,paid
849,71,10092,2025-10-23,4091.73,paid
850,71,10092,2025-11-23,4091.73,failed
851,71,10092,2025-12-23,4091.73,paid
852,71,10092,2026-01-23,4091.73,paid
853,72,10093,2025-08-18,4995.5,failed
854,72,10093,2025-09-18,4995.5,failed
855,72,10093,2025-10-18,4995.5,paid
856,72,10093,2025-11-18,4995.5,paid
857,72,10093,2025-12-18,4995.5,paid
858,72,10093,2026-01-18,4995.5,paid
859,72,10093,2026-02-18,4995.5,paid
860,72,10093,2026-03-18,4995.5,paid
861,72,10093,2026-04-18,4995.5,paid
862,72,10093,2026-05-18,4995.5,paid
863,72,10093,2026-06-18,4995.5,paid
864,72,10093,2026-07-18,4995.5,paid
865,73,10094,2025-06-29,1241.81,failed
866,73,10094,2025-07-29,1241.81,paid
867,73,10094,2025-08-29,1241.81,paid
868,73,10094,2025-09-29,1241.81,paid
869,73,10094,2025-10-29,1241.81,paid
870,73,10094,2025-11-29,1241.81,paid
871,73,10094,2025-12-29,1241.81,paid
872,73,10094,2026-01-29,1241.81,paid
873,73,10094,2026-02-28,1241.81,paid
874,73,10094,2026-03-29,1241.81,paid
875,73,10094,2026-04-29,1241.81,paid
876,73,10094,2026-05-29,1241.81,paid
877,74,10095,2025-07-28,728.74,paid
878,74,10095,2025-08-28,728.74,paid
879,74,10095,2025-09-28,728.74,paid
880,74,10095,2025-10-28,728.74,paid
881,74,10095,2025-11-28,728.74,paid
882,74,10095,2025-12-28,728.74,paid
883,74,10095,2026-01-28,728.74,paid
884,74,10095,2026-02-28,728.74,paid
885,74,10095,2026-03-28,728.74,paid
886,74,10095,2026-04-28,728.74,paid
887,74,10095,2026-05-28,728.74,paid
888,74,10095,2026-06-28,728.74,paid
889,75,10096,2026-01-14,4723.99,paid
890,75,10096,2026-02-14,4723.99,paid
891,75,10096,2026-03-14,4723.99,paid
892,75,10096,2026-04-14,4723.99,failed
893,75,10096,2026-05-14,4723.99,paid
894,75,10096,2026-06-14,4723.99,paid
895,75,10096,2026-07-14,4723.99,paid
896,75,10096,2026-08-14,4723.99,paid
897,75,10096,2026-09-14,4723.99,paid
898,75,10096,2026-10-14,4723.99,paid
899,75,10096,2026-11-14,4723.99,paid
900,75,10096,2026-12-14,4723.99,paid
901,76,10097,2025-03-24,1094.17,paid
902,76,10097,2025-04-24,1094.17,paid
903,76,10097,2025-05-24,1094.17,paid
904,76,10097,2025-06-24,1094.17,paid
905,76,10097,2025-07-24,1094.17,paid
906,76,10097,2025-08-24,1094.17,paid
907,76,10097,2025-09-24,1094.17,paid
908,76,10097,2025-10-24,1094.17,paid
909,76,10097,2025-11-24,1094.17,paid
910,76,10097,2025-12-24,1094.17,paid
911,76,10097,2026-01-24,1094.17,paid
912,76,10097,2026-02-24,1094.17,paid
913,77,10098,2026-02-02,806.15,paid
914,77,10098,2026-03-02,806.15,paid
915,77,10098,2026-04-02,806.15,paid
916,77,10098,2026-05-02,806.15,paid
917,77,10098,2026-06-02,806.15,paid
918,77,10098,2026-07-02,806.15,paid
919,77,10098,2026-08-02,806.15,paid
920,77,10098,2026-09-02,806.15,paid
921,77,10098,2026-10-02,806.15,paid
922,77,10098,2026-11-02,806.15,paid
923,77,10098,2026-12-02,806.15,paid
924,77,10098,2027-01-02,806.15,paid
925,78,10099,2025-10-04,886.32,paid
926,78,10099,2025-11-04,886.32,failed
927,78,10099,2025-12-04,886.32,paid
928,78,10099,2026-01-04,886.32,paid
929,78,10099,2026-02-04,886.32,paid
930,78,10099,2026-03-04,886.32,paid
931,78,10099,2026-04-04,886.32,paid
932,78,10099,2026-05-04,886.32,paid
933,78,10099,2026-06-04,886.32,paid
934,78,10099,2026-07-04,886.32,paid
935,78,10099,2026-08-04,886.32,paid
936,78,10099,2026-09-04,886.32,paid
937,79,10101,2025-09-08,17756.8,paid
938,79,10101,2025-10-08,17756.8,paid
939,79,10101,2025-11-08,17756.8,paid
940,79,10101,2025-12-08,17756.8,paid
941,79,10101,2026-01-08,17756.8,paid
942,79,10101,2026-02-08,17756.8,paid
943,79,10101,2026-03-08,17756.8,paid
944,79,10101,2026-04-08,17756.8,paid
945,79,10101,2026-05-08,17756.8,paid
946,79,10101,2026-06-08,17756.8,failed
947,79,10101,2026-07-08,17756.8,paid
948,79,10101,2026-08-08,17756.8,paid
949,80,10102,2025-09-16,3337.55,paid
950,80,10102,2025-10-16,3337.55,paid
951,80,10102,2025-11-16,3337.55,paid
952,80,10102,2025-12-16,3337.55,paid
953,80,10102,2026-01-16,3337.55,paid
954,80,10102,2026-02-16,3337.55,paid
955,80,10102,2026-03-16,3337.55,paid
956,80,10102,2026-04-16,3337.55,paid
957,80,10102,2026-05-16,3337.55,paid
958,80,10102,2026-06-16,3337.55,paid
959,80,10102,2026-07-16,3337.55,paid
960,80,10102,2026-08-16,3337.55,paid
961,81,10103,2025-05-16,821.62,paid
962,81,10103,2025-06-16,821.62,paid
963,81,10103,2025-07-16,821.62,paid
964,81,10103,2025-08-16,821.62,paid
965,81,10103,2025-09-16,821.62,paid
966,81,10103,2025-10-16,821.62,paid
967,81,10103,2025-11-16,821.62,paid
968,81,10103,2025-12-16,821.62,paid
969,81,10103,2026-01-16,821.62,paid
970,81,10103,2026-02-16,821.62,paid
971,81,10103,2026-03-16,821.62,paid
972,81,10103,2026-04-16,821.62,paid
973,82,10104,2025-11-05,15803.66,paid
974,82,10104,2025-12-05,15803.66,paid
975,82,10104,2026-01-05,15803.66,paid
976,82,10104,2026-02-05,15803.66,paid
977,82,10104,2026-03-05,15803.66,paid
978,82,10104,2026-04-05,15803.66,paid
979,82,10104,2026-05-05,15803.66,paid
980,82,10104,2026-06-05,15803.66,paid
981,82,10104,2026-07-05,15803.66,paid
982,82,10104,2026-08-05,15803.66,paid
983,82,10104,2026-09-05,15803.66,paid
984,82,10104,2026-10-05,15803.66,paid
985,83,10105,2025-02-24,4907.7,paid
986,83,10105,2025-03-24,4907.7,paid
987,83,10105,2025-04-24,4907.7,paid
988,83,10105,2025-05-24,4907.7,failed
989,83,10105,2025-06-24,4907.7,paid
990,83,10105,2025-07-24,4907.7,paid
991,83,10105,2025-08-24,4907.7,paid
992,83,10105,2025-09-24,4907.7,paid
993,83,10105,2025-10-24,4907.7,paid
994,83,10105,2025-11-24,4907.7,failed
995,83,10105,2025-12-24,4907.7,paid
996,83,10105,2026-01-24,4907.7,paid
997,84,10107,2025-07-12,4884.72,paid
998,84,10107,2025-08-12,4884.72,paid
999,84,10107,2025-09-12,4884.72,paid
1000,84,10107,2025-10-12,4884.72,paid
1001,84,10107,2025-11-12,4884.72,paid
1002,84,10107,2025-12-12,4884.72,paid
1003,84,10107,2026-01-12,4884.72,paid
1004,84,10107,2026-02-12,4884.72,paid
1005,84,10107,2026-03-12,4884.72,paid
1006,84,10107,2026-04-12,4884.72,paid
1007,84,10107,2026-05-12,4884.72,paid
1008,84,10107,2026-06-12,4884.72,paid
1009,85,10108,2025-10-27,845.64,paid
1010,85,10108,2025-11-27,845.64,paid
1011,85,10108,2025-12-27,845.64,paid
1012,85,10108,2026-01-27,845.64,paid
1013,85,10108,2026-02-27,845.64,paid
1014,85,10108,2026-03-27,845.64,paid
1015,85,10108,2026-04-27,845.64,paid
1016,85,10108,2026-05-27,845.64,paid
1017,85,10108,2026-06-27,845.64,paid
1018,85,10108,2026-07-27,845.64,failed
1019,85,10108,2026-08-27,845.64,paid
1020,85,10108,2026-09-27,845.64,paid
1021,86,10109,2025-09-05,928.47,paid
1022,86,10109,2025-10-05,928.47,paid
1023,86,10109,2025-11-05,928.47,paid
1024,86,10109,2025-12-05,928.47,paid
1025,86,10109,2026-01-05,928.47,paid
1026,86,10109,2026-02-05,928.47,paid
1027,86,10109,2026-03-05,928.47,paid
1028,86,10109,2026-04-05,928.47,paid
1029,86,10109,2026-05-05,928.47,paid
1030,86,10109,2026-06-05,928.47,paid
1031,86,10109,2026-07-05,928.47,paid
1032,86,10109,2026-08-05,928.47,paid
1033,87,10111,2025-04-15,3299.15,paid
1034,87,10111,2025-05-15,3299.15,paid
1035,87,10111,2025-06-15,3299.15,paid
1036,87,10111,2025-07-15,3299.15,paid
1037,87,10111,2025-08-15,3299.15,paid
1038,87,10111,2025-09-15,3299.15,paid
1039,87,10111,2025-10-15,3299.15,failed
1040,87,10111,2025-11-15,3299.15,paid
1041,87,10111,2025-12-15,3299.15,paid
1042,87,10111,2026-01-15,3299.15,paid
1043,87,10111,2026-02-15,3299.15,paid
1044,87,10111,2026-03-15,3299.15,paid
1045,88,10112,2025-04-18,798.96,paid
1046,88,10112,2025-05-18,798.96,paid
1047,88,10112,2025-06-18,798.96,paid
1048,88,10112,2025-07-18,798.96,paid
1049,88,10112,2025-08-18,798.96,paid
1050,88,10112,2025-09-18,798.96,paid
1051,88,10112,2025-10-18,798.96,paid
1052,88,10112,2025-11-18,798.96,paid
1053,88,10112,2025-12-18,798.96,paid
1054,88,10112,2026-01-18,798.96,paid
1055,88,10112,2026-02-18,798.96,paid
1056,88,10112,2026-03-18,798.96,paid
1057,89,10113,2025-03-25,1296.93,paid
1058,89,10113,2025-04-25,1296.93,paid
1059,89,10113,2025-05-25,1296.93,paid
1060,89,10113,2025-06-25,1296.93,paid
1061,89,10113,2025-07-25,1296.93,paid
1062,89,10113,2025-08-25,1296.93,paid
1063,89,10113,2025-09-25,1296.93,paid
1064,89,10113,2025-10-25,1296.93,paid
1065,89,10113,2025-11-25,1296.93,paid
1066,89,10113,2025-12-25,1296.93,paid
1067,89,10113,2026-01-25,1296.93,paid
1068,89,10113,2026-02-25,1296.93,paid
1069,90,10115,2026-01-09,707.1,paid
1070,90,10115,2026-02-09,707.1,paid
1071,90,10115,2026-03-09,707.1,paid
1072,90,10115,2026-04-09,707.1,failed
1073,90,10115,2026-05-09,707.1,paid
1074,90,10115,2026-06-09,707.1,paid
1075,90,10115,2026-07-09,707.1,paid
1076,90,10115,2026-08-09,707.1,paid
1077,90,10115,2026-09-09,707.1,paid
1078,90,10115,2026-10-09,707.1,paid
1079,90,10115,2026-11-09,707.1,paid
1080,90,10115,2026-12-09,707.1,paid
1081,91,10116,2026-01-17,9559.13,paid
1082,91,10116,2026-02-17,9559.13,paid
1083,91,10116,2026-03-17,9559.13,paid
1084,91,10116,2026-04-17,9559.13,paid
1085,91,10116,2026-05-17,9559.13,paid
1086,91,10116,2026-06-17,9559.13,paid
1087,91,10116,2026-07-17,9559.13,paid
1088,91,10116,2026-08-17,9559.13,paid
1089,91,10116,2026-09-17,9559.13,paid
1090,91,10116,2026-10-17,9559.13,paid
1091,91,10116,2026-11-17,9559.13,paid
1092,91,10116,2026-12-17,9559.13,paid
1093,92,10120,2025-05-04,4578.66,paid
1094,92,10120,2025-06-04,4578.66,paid
1095,92,10120,2025-07-04,4578.66,paid
1096,92,10120,2025-08-04,4578.66,paid
1097,92,10120,2025-09-04,4578.66,paid
1098,92,10120,2025-10-04,4578.66,paid
1099,92,10120,2025-11-04,4578.66,paid
1100,92,10120,2025-12-04,4578.66,paid
1101,92,10120,2026-01-04,4578.66,paid
1102,92,10120,2026-02-04,4578.66,paid
1103,92,10120,2026-03-04,4578.66,paid
1104,92,10120,2026-04-04,4578.66,paid
1105,93,10122,2025-04-23,4200.55,paid
1106,93,10122,2025-05-23,4200.55,paid
1107,93,10122,2025-06-23,4200.55,paid
1108,93,10122,2025-07-23,4200.55,paid
1109,93,10122,2025-08-23,4200.55,paid
1110,93,10122,2025-09-23,4200.55,failed
1111,93,10122,2025-10-23,4200.55,paid
1112,93,10122,2025-11-23,4200.55,paid
1113,93,10122,2025-12-23,4200.55,paid
1114,93,10122,2026-01-23,4200.55,paid
1115,93,10122,2026-02-23,4200.55,paid
1116,93,10122,2026-03-23,4200.55,paid
1117,94,10123,2025-06-06,1064.35,paid
1118,94,10123,2025-07-06,1064.35,paid
1119,94,10123,2025-08-06,1064.35,paid
1120,94,10123,2025-09-06,1064.35,paid
1121,94,10123,2025-10-06,1064.35,paid
1122,94,10123,2025-11-06,1064.35,paid
1123,94,10123,2025-12-06,1064.35,paid
1124,94,10123,2026-01-06,1064.35,paid
1125,94,10123,2026-02-06,1064.35,paid
1126,94,10123,2026-03-06,1064.35,paid
1127,94,10123,2026-04-06,1064.35,paid
1128,94,10123,2026-05-06,1064.35,paid
1129,95,10124,2025-06-02,945.12,paid
1130,95,10124,2025-07-02,945.12,paid
1131,95,10124,2025-08-02,945.12,paid
1132,95,10124,2025-09-02,945.12,paid
1133,95,10124,2025-10-02,945.12,paid
1134,95,10124,2025-11-02,945.12,paid
1135,95,10124,2025-12-02,945.12,paid
1136,95,10124,2026-01-02,945.12,paid
1137,95,10124,2026-02-02,945.12,paid
1138,95,10124,2026-03-02,945.12,paid
1139,95,10124,2026-04-02,945.12,paid
1140,95,10124,2026-05-02,945.12,paid
1141,96,10125,2025-08-13,1019.49,paid
1142,96,10125,2025-09-13,1019.49,failed
1143,96,10125,2025-10-13,1019.49,paid
1144,96,10125,2025-11-13,1019.49,paid
1145,96,10125,2025-12-13,1019.49,paid
1146,96,10125,2026-01-13,1019.49,paid
1147,96,10125,2026-02-13,1019.49,paid
1148,96,10125,2026-03-13,1019.49,paid
1149,96,10125,2026-04-13,1019.49,failed
1150,96,10125,2026-05-13,1019.49,paid
1151,96,10125,2026-06-13,1019.49,paid
1152,96,10125,2026-07-13,1019.49,paid
1153,97,10127,2026-01-14,983.04,paid
1154,97,10127,2026-02-14,983.04,paid
1155,97,10127,2026-03-14,983.04,paid
1156,97,10127,2026-04-14,983.04,paid
1157,97,10127,2026-05-14,983.04,paid
1158,97,10127,2026-06-14,983.04,paid
1159,97,10127,2026-07-14,983.04,paid
1160,97,10127,2026-08-14,983.04,paid
1161,97,10127,2026-09-14,983.04,paid
1162,97,10127,2026-10-14,983.04,paid
1163,97,10127,2026-11-14,983.04,paid
1164,97,10127,2026-12-14,983.04,paid
1165,98,10128,2025-06-30,1250.71,paid
1166,98,10128,2025-07-30,1250.71,paid
1167,98,10128,2025-08-30,1250.71,paid
1168,98,10128,2025-09-30,1250.71,paid
1169,98,10128,2025-10-30,1250.71,paid
1170,98,10128,2025-11-30,1250.71,paid
1171,98,10128,2025-12-30,1250.71,paid
1172,98,10128,2026-01-30,1250.71,paid
1173,98,10128,2026-02-28,1250.71,paid
1174,98,10128,2026-03-30,1250.71,paid
1175,98,10128,2026-04-30,1250.71,paid
1176,98,10128,2026-05-30,1250.71,paid
1177,99,10129,2025-10-03,913.73,paid
1178,99,10129,2025-11-03,913.73,paid
1179,99,10129,2025-12-03,913.73,paid
1180,99,10129,2026-01-03,913.73,paid
1181,99,10129,2026-02-03,913.73,paid
1182,99,10129,2026-03-03,913.73,paid
1183,99,10129,2026-04-03,913.73,paid
1184,99,10129,2026-05-03,913.73,paid
1185,99,10129,2026-06-03,913.73,failed
1186,99,10129,2026-07-03,913.73,paid
1187,99,10129,2026-08-03,913.73,paid
1188,99,10129,2026-09-03,913.73,paid
1189,100,10130,2026-02-04,4825.68,paid
1190,100,10130,2026-03-04,4825.68,paid
1191,100,10130,2026-04-04,4825.68,paid
1192,100,10130,2026-05-04,4825.68,paid
1193,100,10130,2026-06-04,4825.68,paid
1194,100,10130,2026-07-04,4825.68,paid
1195,100,10130,2026-08-04,4825.68,paid
1196,100,10130,2026-09-04,4825.68,paid
1197,100,10130,2026-10-04,4825.68,paid
1198,100,10130,2026-11-04,4825.68,failed
1199,100,10130,2026-12-04,4825.68,paid
1200,100,10130,2027-01-04,4825.68,paid
1201,101,10131,2025-08-23,1046.17,paid
1202,101,10131,2025-09-23,1046.17,paid
1203,101,10131,2025-10-23,1046.17,paid
1204,101,10131,2025-11-23,1046.17,paid
1205,101,10131,2025-12-23,1046.17,paid
1206,101,10131,2026-01-23,1046.17,paid
1207,101,10131,2026-02-23,1046.17,paid
1208,101,10131,2026-03-23,1046.17,paid
1209,101,10131,2026-04-23,1046.17,paid
1210,101,10131,2026-05-23,1046.17,paid
1211,101,10131,2026-06-23,1046.17,paid
1212,101,10131,2026-07-23,1046.17,paid
1213,102,10133,2025-04-24,3317.74,paid
1214,102,10133,2025-05-24,3317.74,paid
1215,102,10133,2025-06-24,3317.74,paid
1216,102,10133,2025-07-24,3317.74,paid
1217,102,10133,2025-08-24,3317.74,paid
1218,102,10133,2025-09-24,3317.74,paid
1219,102,10133,2025-10-24,3317.74,paid
1220,102,10133,2025-11-24,3317.74,paid
1221,102,10133,2025-12-24,3317.74,paid
1222,102,10133,2026-01-24,3317.74,paid
1223,102,10133,2026-02-24,3317.74,paid
1224,102,10133,2026-03-24,3317.74,failed
1225,103,10134,2026-02-24,948.51,paid
1226,103,10134,2026-03-24,948.51,paid
1227,103,10134,2026-04-24,948.51,paid
1228,103,10134,2026-05-24,948.51,paid
1229,103,10134,2026-06-24,948.51,paid
1230,103,10134,2026-07-24,948.51,paid
1231,103,10134,2026-08-24,948.51,paid
1232,103,10134,2026-09-24,948.51,failed
1233,103,10134,2026-10-24,948.51,paid
1234,103,10134,2026-11-24,948.51,paid
1235,103,10134,2026-12-24,948.51,paid
1236,103,10134,2027-01-24,948.51,paid
1237,104,10135,2025-08-29,3823.42,paid
1238,104,10135,2025-09-29,3823.42,paid
1239,104,10135,2025-10-29,3823.42,paid
1240,104,10135,2025-11-29,3823.42,paid
1241,104,10135,2025-12-29,3823.42,paid
1242,104,10135,2026-01-29,3823.42,paid
1243,104,10135,2026-02-28,3823.42,paid
1244,104,10135,2026-03-29,3823.42,paid
1245,104,10135,2026-04-29,3823.42,paid
1246,104,10135,2026-05-29,3823.42,paid
1247,104,10135,2026-06-29,3823.42,paid
1248,104,10135,2026-07-29,3823.42,failed
1249,105,10137,2025-09-12,17304.39,failed
1250,105,10137,2025-10-12,17304.39,paid
1251,105,10137,2025-11-12,17304.39,paid
1252,105,10137,2025-12-12,17304.39,paid
1253,105,10137,2026-01-12,17304.39,paid
1254,105,10137,2026-02-12,17304.39,paid
1255,105,10137,2026-03-12,17304.39,paid
1256,105,10137,2026-04-12,17304.39,paid
1257,105,10137,2026-05-12,17304.39,paid
1258,105,10137,2026-06-12,17304.39,paid
1259,105,10137,2026-07-12,17304.39,paid
1260,105,10137,2026-08-12,17304.39,paid
1261,106,10138,2026-02-07,3297.73,paid
1262,106,10138,2026-03-07,3297.73,paid
1263,106,10138,2026-04-07,3297.73,paid
1264,106,10138,2026-05-07,3297.73,paid
1265,106,10138,2026-06-07,3297.73,paid
1266,106,10138,2026-07-07,3297.73,paid
1267,106,10138,2026-08-07,3297.73,paid
1268,106,10138,2026-09-07,3297.73,paid
1269,106,10138,2026-10-07,3297.73,paid
1270,106,10138,2026-11-07,3297.73,failed
1271,106,10138,2026-12-07,3297.73,paid
1272,106,10138,2027-01-07,3297.73,failed
1273,107,10139,2025-07-23,4945.3,paid
1274,107,10139,2025-08-23,4945.3,paid
1275,107,10139,2025-09-23,4945.3,paid
1276,107,10139,2025-10-23,4945.3,paid
1277,107,10139,2025-11-23,4945.3,paid
1278,107,10139,2025-12-23,4945.3,paid
1279,107,10139,2026-01-23,4945.3,paid
1280,107,10139,2026-02-23,4945.3,failed
1281,107,10139,2026-03-23,4945.3,paid
1282,107,10139,2026-04-23,4945.3,paid
1283,107,10139,2026-05-23,4945.3,paid
1284,107,10139,2026-06-23,4945.3,paid
1285,108,10141,2026-02-25,3929.7,paid
1286,108,10141,2026-03-25,3929.7,paid
1287,108,10141,2026-04-25,3929.7,paid
1288,108,10141,2026-05-25,3929.7,paid
1289,108,10141,2026-06-25,3929.7,paid
1290,108,10141,2026-07-25,3929.7,paid
1291,108,10141,2026-08-25,3929.7,failed
1292,108,10141,2026-09-25,3929.7,paid
1293,108,10141,2026-10-25,3929.7,paid
1294,108,10141,2026-11-25,3929.7,paid
1295,108,10141,2026-12-25,3929.7,paid
1296,108,10141,2027-01-25,3929.7,paid
1297,109,10142,2025-11-14,3513.53,failed
1298,109,10142,2025-12-14,3513.53,paid
1299,109,10142,2026-01-14,3513.53,paid
1300,109,10142,2026-02-14,3513.53,paid
1301,109,10142,2026-03-14,3513.53,paid
1302,109,10142,2026-04-14,3513.53,paid
1303,109,10142,2026-05-14,3513.53,paid
1304,109,10142,2026-06-14,3513.53,paid
1305,109,10142,2026-07-14,3513.53,paid
1306,109,10142,2026-08-14,3513.53,paid
1307,109,10142,2026-09-14,3513.53,paid
1308,109,10142,2026-10-14,3513.53,paid
1309,110,10145,2025-04-26,2838.47,paid
1310,110,10145,2025-05-26,2838.47,paid
1311,110,10145,2025-06-26,2838.47,paid
1312,110,10145,2025-07-26,2838.47,paid
1313,110,10145,2025-08-26,2838.47,paid
1314,110,10145,2025-09-26,2838.47,paid
1315,110,10145,2025-10-26,2838.47,paid
1316,110,10145,2025-11-26,2838.47,paid
1317,110,10145,2025-12-26,2838.47,paid
1318,110,10145,2026-01-26,2838.47,paid
1319,110,10145,2026-02-26,2838.47,paid
1320,110,10145,2026-03-26,2838.47,paid
1321,111,10147,2025-07-02,867.37,paid
1322,111,10147,2025-08-02,867.37,paid
1323,111,10147,2025-09-02,867.37,paid
1324,111,10147,2025-10-02,867.37,failed
1325,111,10147,2025-11-02,867.37,paid
1326,111,10147,2025-12-02,867.37,paid
1327,111,10147,2026-01-02,867.37,paid
1328,111,10147,2026-02-02,867.37,paid
1329,111,10147,2026-03-02,867.37,paid
1330,111,10147,2026-04-02,867.37,paid
1331,111,10147,2026-05-02,867.37,paid
1332,111,10147,2026-06-02,867.37,paid
1333,112,10148,2025-05-11,4717.89,paid
1334,112,10148,2025-06-11,4717.89,paid
1335,112,10148,2025-07-11,4717.89,paid
1336,112,10148,2025-08-11,4717.89,paid
1337,112,10148,2025-09-11,4717.89,paid
1338,112,10148,2025-10-11,4717.89,paid
1339,112,10148,2025-11-11,4717.89,paid
1340,112,10148,2025-12-11,4717.89,paid
1341,112,10148,2026-01-11,4717.89,paid
1342,112,10148,2026-02-11,4717.89,paid
1343,112,10148,2026-03-11,4717.89,paid
1344,112,10148,2026-04-11,4717.89,paid
1345,113,10149,2026-01-15,2810.37,paid
1346,113,10149,2026-02-15,2810.37,failed
1347,113,10149,2026-03-15,2810.37,paid
1348,113,10149,2026-04-15,2810.37,paid
1349,113,10149,2026-05-15,2810.37,failed
1350,113,10149,2026-06-15,2810.37,failed
1351,113,10149,2026-07-15,2810.37,paid
1352,113,10149,2026-08-15,2810.37,paid
1353,113,10149,2026-09-15,2810.37,paid
1354,113,10149,2026-10-15,2810.37,paid
1355,113,10149,2026-11-15,2810.37,paid
1356,113,10149,2026-12-15,2810.37,paid
1357,114,10150,2025-02-11,912.76,paid
1358,114,10150,2025-03-11,912.76,paid
1359,114,10150,2025-04-11,912.76,paid
1360,114,10150,2025-05-11,912.76,paid
1361,114,10150,2025-06-11,912.76,paid
1362,114,10150,2025-07-11,912.76,paid
1363,114,10150,2025-08-11,912.76,paid
1364,114,10150,2025-09-11,912.76,paid
1365,114,10150,2025-10-11,912.76,paid
1366,114,10150,2025-11-11,912.76,paid
1367,114,10150,2025-12-11,912.76,paid
1368,114,10150,2026-01-11,912.76,paid
1369,115,10151,2025-03-26,14624.99,paid
1370,115,10151,2025-04-26,14624.99,paid
1371,115,10151,2025-05-26,14624.99,paid
1372,115,10151,2025-06-26,14624.99,paid
1373,115,10151,2025-07-26,14624.99,paid
1374,115,10151,2025-08-26,14624.99,paid
1375,115,10151,2025-09-26,14624.99,paid
1376,115,10151,2025-10-26,14624.99,paid
1377,115,10151,2025-11-26,14624.99,paid
1378,115,10151,2025-12-26,14624.99,paid
1379,115,10151,2026-01-26,14624.99,paid
1380,115,10151,2026-02-26,14624.99,paid
1381,116,10153,2025-06-30,1095.79,paid
1382,116,10153,2025-07-30,1095.79,paid
1383,116,10153,2025-08-30,1095.79,paid
1384,116,10153,2025-09-30,1095.79,paid
1385,116,10153,2025-10-30,1095.79,paid
1386,116,10153,2025-11-30,1095.79,paid
1387,116,10153,2025-12-30,1095.79,paid
1388,116,10153,2026-01-30,1095.79,paid
1389,116,10153,2026-02-28,1095.79,paid
1390,116,10153,2026-03-30,1095.79,paid
1391,116,10153,2026-04-30,1095.79,paid
1392,116,10153,2026-05-30,1095.79,failed
1393,117,10154,2025-08-29,4946.86,paid
1394,117,10154,2025-09-29,4946.86,paid
1395,117,10154,2025-10-29,4946.86,paid
1396,117,10154,2025-11-29,4946.86,paid
1397,117,10154,2025-12-29,4946.86,paid
1398,117,10154,2026-01-29,4946.86,paid
1399,117,10154,2026-02-28,4946.86,paid
1400,117,10154,2026-03-29,4946.86,failed
1401,117,10154,2026-04-29,4946.86,paid
1402,117,10154,2026-05-29,4946.86,paid
1403,117,10154,2026-06-29,4946.86,paid
1404,117,10154,2026-07-29,4946.86,paid
1405,118,10156,2026-01-18,2700.76,paid
1406,118,10156,2026-02-18,2700.76,paid
1407,118,10156,2026-03-18,2700.76,paid
1408,118,10156,2026-04-18,2700.76,paid
1409,118,10156,2026-05-18,2700.76,paid
1410,118,10156,2026-06-18,2700.76,paid
1411,118,10156,2026-07-18,2700.76,paid
1412,118,10156,2026-08-18,2700.76,paid
1413,118,10156,2026-09-18,2700.76,paid
1414,118,10156,2026-10-18,2700.76,paid
1415,118,10156,2026-11-18,2700.76,paid
1416,118,10156,2026-12-18,2700.76,paid
1417,119,10157,2025-08-05,700.58,paid
1418,119,10157,2025-09-05,700.58,paid
1419,119,10157,2025-10-05,700.58,paid
1420,119,10157,2025-11-05,700.58,paid
1421,119,10157,2025-12-05,700.58,paid
1422,119,10157,2026-01-05,700.58,paid
1423,119,10157,2026-02-05,700.58,paid
1424,119,10157,2026-03-05,700.58,paid
1425,119,10157,2026-04-05,700.58,paid
1426,119,10157,2026-05-05,700.58,paid
1427,119,10157,2026-06-05,700.58,paid
1428,119,10157,2026-07-05,700.58,paid
1429,120,10159,2025-07-14,3526.25,paid
1430,120,10159,2025-08-14,3526.25,paid
1431,120,10159,2025-09-14,3526.25,paid
1432,120,10159,2025-10-14,3526.25,paid
1433,120,10159,2025-11-14,3526.25,paid
1434,120,10159,2025-12-14,3526.25,paid
1435,120,10159,2026-01-14,3526.25,paid
1436,120,10159,2026-02-14,3526.25,paid
1437,120,10159,2026-03-14,3526.25,paid
1438,120,10159,2026-04-14,3526.25,paid
1439,120,10159,2026-05-14,3526.25,paid
1440,120,10159,2026-06-14,3526.25,paid
1441,121,10160,2025-10-04,4266.01,paid
1442,121,10160,2025-11-04,4266.01,paid
1443,121,10160,2025-12-04,4266.01,failed
1444,121,10160,2026-01-04,4266.01,paid
1445,121,10160,2026-02-04,4266.01,paid
1446,121,10160,2026-03-04,4266.01,paid
1447,121,10160,2026-04-04,4266.01,paid
1448,121,10160,2026-05-04,4266.01,paid
1449,121,10160,2026-06-04,4266.01,paid
1450,121,10160,2026-07-04,4266.01,paid
1451,121,10160,2026-08-04,4266.01,paid
1452,121,10160,2026-09-04,-25.0,paid
1453,122,10161,2025-05-27,830.81,paid
1454,122,10161,2025-06-27,830.81,paid
1455,122,10161,2025-07-27,830.81,paid
1456,122,10161,2025-08-27,830.81,paid
1457,122,10161,2025-09-27,830.81,paid
1458,122,10161,2025-10-27,830.81,paid
1459,122,10161,2025-11-27,830.81,paid
1460,122,10161,2025-12-27,830.81,paid
1461,122,10161,2026-01-27,830.81,paid
1462,122,10161,2026-02-27,830.81,paid
1463,122,10161,2026-03-27,830.81,paid
1464,122,10161,2026-04-27,830.81,paid
1465,123,10162,2025-09-16,12639.02,paid
1466,123,10162,2025-10-16,12639.02,paid
1467,123,10162,2025-11-16,12639.02,paid
1468,123,10162,2025-12-16,12639.02,paid
1469,123,10162,2026-01-16,12639.02,paid
1470,123,10162,2026-02-16,12639.02,failed
1471,123,10162,2026-03-16,12639.02,paid
1472,123,10162,2026-04-16,12639.02,paid
1473,123,10162,2026-05-16,12639.02,paid
1474,123,10162,2026-06-16,12639.02,paid
1475,123,10162,2026-07-16,12639.02,paid
1476,123,10162,2026-08-16,12639.02,paid
1477,124,10163,2025-10-17,710.77,paid
1478,124,10163,2025-11-17,710.77,paid
1479,124,10163,2025-12-17,710.77,paid
1480,124,10163,2026-01-17,710.77,paid
1481,124,10163,2026-02-17,710.77,paid
1482,124,10163,2026-03-17,710.77,paid
1483,124,10163,2026-04-17,-25.0,paid
1484,124,10163,2026-05-17,710.77,paid
1485,124,10163,2026-06-17,710.77,paid
1486,124,10163,2026-07-17,710.77,paid
1487,124,10163,2026-08-17,710.77,paid
1488,124,10163,2026-09-17,710.77,paid
1489,125,10164,2025-09-04,924.9,paid
1490,125,10164,2025-10-04,924.9,paid
1491,125,10164,2025-11-04,924.9,paid
1492,125,10164,2025-12-04,924.9,paid
1493,125,10164,2026-01-04,924.9,paid
1494,125,10164,2026-02-04,924.9,paid
1495,125,10164,2026-03-04,924.9,paid
1496,125,10164,2026-04-04,924.9,paid
1497,125,10164,2026-05-04,924.9,paid
1498,125,10164,2026-06-04,924.9,paid
1499,125,10164,2026-07-04,924.9,paid
1500,125,10164,2026-08-04,924.9,paid
1501,126,10166,2025-07-23,1186.46,paid
1502,126,10166,2025-08-23,1186.46,paid
1503,126,10166,2025-09-23,1186.46,paid
1504,126,10166,2025-10-23,1186.46,paid
1505,126,10166,2025-11-23,1186.46,paid
1506,126,10166,2025-12-23,1186.46,paid
1507,126,10166,2026-01-23,1186.46,failed
1508,126,10166,2026-02-23,1186.46,paid
1509,126,10166,2026-03-23,1186.46,paid
1510,126,10166,2026-04-23,1186.46,paid
1511,126,10166,2026-05-23,1186.46,paid
1512,126,10166,2026-06-23,1186.46,paid
1513,127,10167,2026-01-01,11835.62,paid
1514,127,10167,2026-02-01,11835.62,failed
1515,127,10167,2026-03-01,11835.62,paid
1516,127,10167,2026-04-01,11835.62,paid
1517,127,10167,2026-05-01,11835.62,paid
1518,127,10167,2026-06-01,11835.62,paid
1519,127,10167,2026-07-01,11835.62,paid
1520,127,10167,2026-08-01,11835.62,paid
1521,127,10167,2026-09-01,11835.62,paid
1522,127,10167,2026-10-01,11835.62,paid
1523,127,10167,2026-11-01,11835.62,paid
1524,127,10167,2026-12-01,11835.62,paid
1525,128,10168,2025-07-16,11129.22,paid
1526,128,10168,2025-08-16,11129.22,paid
1527,128,10168,2025-09-16,11129.22,paid
1528,128,10168,2025-10-16,11129.22,paid
1529,128,10168,2025-11-16,11129.22,paid
1530,128,10168,2025-12-16,11129.22,paid
1531,128,10168,2026-01-16,11129.22,paid
1532,128,10168,2026-02-16,11129.22,paid
1533,128,10168,2026-03-16,11129.22,paid
1534,128,10168,2026-04-16,11129.22,paid
1535,128,10168,2026-05-16,11129.22,paid
1536,128,10168,2026-06-16,11129.22,paid
1537,129,10169,2026-01-07,1124.11,paid
1538,129,10169,2026-02-07,1124.11,paid
1539,129,10169,2026-03-07,1124.11,paid
1540,129,10169,2026-04-07,1124.11,paid
1541,129,10169,2026-05-07,1124.11,paid
1542,129,10169,2026-06-07,1124.11,paid
1543,129,10169,2026-07-07,1124.11,paid
1544,129,10169,2026-08-07,1124.11,paid
1545,129,10169,2026-09-07,1124.11,paid
1546,129,10169,2026-10-07,1124.11,paid
1547,129,10169,2026-11-07,1124.11,paid
1548,129,10169,2026-12-07,1124.11,paid
1549,130,10170,2025-03-11,13604.74,paid
1550,130,10170,2025-04-11,13604.74,paid
1551,130,10170,2025-05-11,13604.74,paid
1552,130,10170,2025-06-11,13604.74,paid
1553,130,10170,2025-07-11,13604.74,failed
1554,130,10170,2025-08-11,13604.74,paid
1555,130,10170,2025-09-11,13604.74,paid
1556,130,10170,2025-10-11,13604.74,paid
1557,130,10170,2025-11-11,13604.74,paid
1558,130,10170,2025-12-11,13604.74,paid
1559,130,10170,2026-01-11,13604.74,paid
1560,130,10170,2026-02-11,13604.74,paid
1561,131,10171,2025-06-23,1090.38,paid
1562,131,10171,2025-07-23,1090.38,paid
1563,131,10171,2025-08-23,1090.38,paid
1564,131,10171,2025-09-23,1090.38,paid
1565,131,10171,2025-10-23,1090.38,paid
1566,131,10171,2025-11-23,1090.38,paid
1567,131,10171,2025-12-23,1090.38,paid
1568,131,10171,2026-01-23,1090.38,paid
1569,131,10171,2026-02-23,1090.38,paid
1570,131,10171,2026-03-23,1090.38,paid
1571,131,10171,2026-04-23,1090.38,paid
1572,131,10171,2026-05-23,1090.38,paid
1573,132,10172,2026-02-15,4305.67,paid
1574,132,10172,2026-03-15,4305.67,paid
1575,132,10172,2026-04-15,4305.67,paid
1576,132,10172,2026-05-15,4305.67,paid
1577,132,10172,2026-06-15,4305.67,paid
1578,132,10172,2026-07-15,4305.67,paid
1579,132,10172,2026-08-15,4305.67,paid
1580,132,10172,2026-09-15,4305.67,paid
1581,132,10172,2026-10-15,4305.67,paid
1582,132,10172,2026-11-15,4305.67,paid
1583,132,10172,2026-12-15,4305.67,paid
1584,132,10172,2027-01-15,4305.67,paid
1585,133,10173,2025-02-02,742.45,paid
1586,133,10173,2025-03-02,742.45,paid
1587,133,10173,2025-04-02,742.45,paid
1588,133,10173,2025-05-02,742.45,paid
1589,133,10173,2025-06-02,742.45,paid
1590,133,10173,2025-07-02,742.45,paid
1591,133,10173,2025-08-02,742.45,paid
1592,133,10173,2025-09-02,742.45,paid
1593,133,10173,2025-10-02,742.45,paid
1594,133,10173,2025-11-02,742.45,paid
1595,133,10173,2025-12-02,742.45,paid
1596,133,10173,2026-01-02,742.45,paid
1597,134,10174,2025-05-18,16738.9,paid
1598,134,10174,2025-06-18,16738.9,paid
1599,134,10174,2025-07-18,16738.9,paid
1600,134,10174,2025-08-18,16738.9,paid
1601,134,10174,2025-09-18,16738.9,paid
1602,134,10174,2025-10-18,16738.9,paid
1603,134,10174,2025-11-18,16738.9,paid
1604,134,10174,2025-12-18,16738.9,failed
1605,134,10174,2026-01-18,16738.9,paid
1606,134,10174,2026-02-18,16738.9,paid
1607,134,10174,2026-03-18,16738.9,paid
1608,134,10174,2026-04-18,16738.9,paid
1609,135,10175,2026-02-25,702.3,paid
1610,135,10175,2026-03-25,702.3,paid
1611,135,10175,2026-04-25,702.3,paid
1612,135,10175,2026-05-25,702.3,paid
1613,135,10175,2026-06-25,702.3,paid
1614,135,10175,2026-07-25,702.3,paid
1615,135,10175,2026-08-25,702.3,paid
1616,135,10175,2026-09-25,702.3,paid
1617,135,10175,2026-10-25,702.3,failed
1618,135,10175,2026-11-25,702.3,paid
1619,135,10175,2026-12-25,702.3,paid
1620,135,10175,2027-01-25,702.3,paid
1621,136,10176,2025-05-12,901.62,paid
1622,136,10176,2025-06-12,901.62,paid
1623,136,10176,2025-07-12,901.62,paid
1624,136,10176,2025-08-12,901.62,paid
1625,136,10176,2025-09-12,901.62,paid
1626,136,10176,2025-10-12,901.62,paid
1627,136,10176,2025-11-12,901.62,paid
1628,136,10176,2025-12-12,901.62,paid
1629,136,10176,2026-01-12,901.62,paid
1630,136,10176,2026-02-12,901.62,paid
1631,136,10176,2026-03-12,901.62,paid
1632,136,10176,2026-04-12,901.62,paid
1633,137,10179,2026-01-03,17761.22,paid
1634,137,10179,2026-02-03,17761.22,paid
1635,137,10179,2026-03-03,17761.22,paid
1636,137,10179,2026-04-03,17761.22,paid
1637,137,10179,2026-05-03,17761.22,paid
1638,137,10179,2026-06-03,17761.22,paid
1639,137,10179,2026-07-03,17761.22,paid
1640,137,10179,2026-08-03,17761.22,paid
1641,137,10179,2026-09-03,17761.22,paid
1642,137,10179,2026-10-03,17761.22,paid
1643,137,10179,2026-11-03,17761.22,paid
1644,137,10179,2026-12-03,17761.22,paid
1645,138,10180,2025-05-29,3631.78,paid
1646,138,10180,2025-06-29,3631.78,paid
1647,138,10180,2025-07-29,3631.78,paid
1648,138,10180,2025-08-29,3631.78,paid
1649,138,10180,2025-09-29,3631.78,paid
1650,138,10180,2025-10-29,3631.78,paid
1651,138,10180,2025-11-29,3631.78,paid
1652,138,10180,2025-12-29,3631.78,paid
1653,138,10180,2026-01-29,3631.78,paid
1654,138,10180,2026-02-28,3631.78,paid
1655,138,10180,2026-03-29,3631.78,paid
1656,138,10180,2026-04-29,3631.78,paid
1657,139,10181,2025-05-22,11070.5,paid
1658,139,10181,2025-06-22,11070.5,failed
1659,139,10181,2025-07-22,11070.5,paid
1660,139,10181,2025-08-22,11070.5,paid
1661,139,10181,2025-09-22,11070.5,paid
1662,139,10181,2025-10-22,11070.5,failed
1663,139,10181,2025-11-22,11070.5,paid
1664,139,10181,2025-12-22,11070.5,paid
1665,139,10181,2026-01-22,11070.5,paid
1666,139,10181,2026-02-22,11070.5,paid
1667,139,10181,2026-03-22,11070.5,paid
1668,139,10181,2026-04-22,11070.5,paid
1669,140,10182,2026-02-15,14824.95,paid
1670,140,10182,2026-03-15,14824.95,paid
1671,140,10182,2026-04-15,14824.95,paid
1672,140,10182,2026-05-15,14824.95,paid
1673,140,10182,2026-06-15,14824.95,paid
1674,140,10182,2026-07-15,14824.95,paid
1675,140,10182,2026-08-15,14824.95,paid
1676,140,10182,2026-09-15,14824.95,paid
1677,140,10182,2026-10-15,14824.95,paid
1678,140,10182,2026-11-15,14824.95,paid
1679,140,10182,2026-12-15,14824.95,paid
1680,140,10182,2027-01-15,14824.95,paid
1681,141,10186,2025-04-07,2768.42,paid
1682,141,10186,2025-05-07,2768.42,paid
1683,141,10186,2025-06-07,2768.42,paid
1684,141,10186,2025-07-07,2768.42,paid
1685,141,10186,2025-08-07,2768.42,paid
1686,141,10186,2025-09-07,2768.42,paid
1687,141,10186,2025-10-07,2768.42,paid
1688,141,10186,2025-11-07,2768.42,paid
1689,141,10186,2025-12-07,2768.42,paid
1690,141,10186,2026-01-07,2768.42,paid
1691,141,10186,2026-02-07,2768.42,paid
1692,141,10186,2026-03-07,2768.42,paid
1693,142,10188,2025-12-23,1209.53,paid
1694,142,10188,2026-01-23,1209.53,paid
1695,142,10188,2026-02-23,1209.53,paid
1696,142,10188,2026-03-23,1209.53,paid
1697,142,10188,2026-04-23,1209.53,paid
1698,142,10188,2026-05-23,1209.53,failed
1699,142,10188,2026-06-23,1209.53,paid
1700,142,10188,2026-07-23,1209.53,paid
1701,142,10188,2026-08-23,1209.53,paid
1702,142,10188,2026-09-23,1209.53,paid
1703,142,10188,2026-10-23,1209.53,paid
1704,142,10188,2026-11-23,1209.53,paid
1705,143,10189,2025-03-27,3600.95,paid
1706,143,10189,2025-04-27,3600.95,paid
1707,143,10189,2025-05-27,3600.95,paid
1708,143,10189,2025-06-27,3600.95,paid
1709,143,10189,2025-07-27,3600.95,paid
1710,143,10189,2025-08-27,3600.95,paid
1711,143,10189,2025-09-27,3600.95,paid
1712,143,10189,2025-10-27,3600.95,paid
1713,143,10189,2025-11-27,3600.95,paid
1714,143,10189,2025-12-27,3600.95,paid
1715,143,10189,2026-01-27,3600.95,paid
1716,143,10189,2026-02-27,3600.95,paid
1717,144,10190,2025-03-16,709.97,paid
1718,144,10190,2025-04-16,709.97,paid
1719,144,10190,2025-05-16,709.97,paid
1720,144,10190,2025-06-16,709.97,paid
1721,144,10190,2025-07-16,709.97,paid
1722,144,10190,2025-08-16,709.97,paid
1723,144,10190,2025-09-16,709.97,paid
1724,144,10190,2025-10-16,709.97,failed
1725,144,10190,2025-11-16,709.97,paid
1726,144,10190,2025-12-16,709.97,paid
1727,144,10190,2026-01-16,709.97,paid
1728,144,10190,2026-02-16,709.97,paid
1729,145,10196,2025-03-27,1204.25,paid
1730,145,10196,2025-04-27,1204.25,paid
1731,145,10196,2025-05-27,1204.25,paid
1732,145,10196,2025-06-27,1204.25,paid
1733,145,10196,2025-07-27,1204.25,failed
1734,145,10196,2025-08-27,1204.25,paid
1735,145,10196,2025-09-27,1204.25,paid
1736,145,10196,2025-10-27,1204.25,paid
1737,145,10196,2025-11-27,1204.25,paid
1738,145,10196,2025-12-27,1204.25,paid
1739,145,10196,2026-01-27,1204.25,paid
1740,145,10196,2026-02-27,1204.25,paid
1741,146,10197,2025-09-18,4946.15,paid
1742,146,10197,2025-10-18,4946.15,paid
1743,146,10197,2025-11-18,4946.15,paid
1744,146,10197,2025-12-18,4946.15,paid
1745,146,10197,2026-01-18,4946.15,paid
1746,146,10197,2026-02-18,4946.15,paid
1747,146,10197,2026-03-18,4946.15,paid
1748,146,10197,2026-04-18,4946.15,paid
1749,146,10197,2026-05-18,4946.15,paid
1750,146,10197,2026-06-18,4946.15,paid
1751,146,10197,2026-07-18,4946.15,paid
1752,146,10197,2026-08-18,4946.15,failed
1753,147,10198,2025-11-30,16953.34,paid
1754,147,10198,2025-12-30,16953.34,paid
1755,147,10198,2026-01-30,16953.34,paid
1756,147,10198,2026-02-28,16953.34,paid
1757,147,10198,2026-03-30,16953.34,paid
1758,147,10198,2026-04-30,16953.34,paid
1759,147,10198,2026-05-30,16953.34,paid
1760,147,10198,2026-06-30,16953.34,paid
1761,147,10198,2026-07-30,16953.34,paid
1762,147,10198,2026-08-30,16953.34,paid
1763,147,10198,2026-09-30,16953.34,paid
1764,147,10198,2026-10-30,16953.34,paid
1765,148,10199,2025-07-17,1111.08,paid
1766,148,10199,2025-08-17,1111.08,paid
1767,148,10199,2025-09-17,1111.08,paid
1768,148,10199,2025-10-17,1111.08,paid
1769,148,10199,2025-11-17,1111.08,paid
1770,148,10199,2025-12-17,1111.08,paid
1771,148,10199,2026-01-17,1111.08,paid
1772,148,10199,2026-02-17,1111.08,paid
1773,148,10199,2026-03-17,1111.08,paid
1774,148,10199,2026-04-17,1111.08,paid
1775,148,10199,2026-05-17,1111.08,paid
1776,148,10199,2026-06-17,1111.08,paid
1777,149,10201,2025-10-03,3958.07,paid
1778,149,10201,2025-11-03,3958.07,paid
1779,149,10201,2025-12-03,3958.07,paid
1780,149,10201,2026-01-03,3958.07,paid
1781,149,10201,2026-02-03,3958.07,paid
1782,149,10201,2026-03-03,3958.07,paid
1783,149,10201,2026-04-03,3958.07,paid
1784,149,10201,2026-05-03,3958.07,paid
1785,149,10201,2026-06-03,3958.07,paid
1786,149,10201,2026-07-03,3958.07,paid
1787,149,10201,2026-08-03,3958.07,paid
1788,149,10201,2026-09-03,3958.07,paid
1789,150,10202,2025-11-22,9452.21,paid
1790,150,10202,2025-12-22,9452.21,paid
1791,150,10202,2026-01-22,9452.21,paid
1792,150,10202,2026-02-22,9452.21,paid
1793,150,10202,2026-03-22,9452.21,paid
1794,150,10202,2026-04-22,9452.21,paid
1795,150,10202,2026-05-22,9452.21,paid
1796,150,10202,2026-06-22,9452.21,paid
1797,150,10202,2026-07-22,9452.21,paid
1798,150,10202,2026-08-22,9452.21,paid
1799,150,10202,2026-09-22,9452.21,paid
1800,150,10202,2026-10-22,9452.21,paid
1801,151,10203,2025-03-26,2875.01,paid
1802,151,10203,2025-04-26,2875.01,paid
1803,151,10203,2025-05-26,2875.01,paid
1804,151,10203,2025-06-26,2875.01,paid
1805,151,10203,2025-07-26,2875.01,paid
1806,151,10203,2025-08-26,2875.01,paid
1807,151,10203,2025-09-26,2875.01,paid
1808,151,10203,2025-10-26,2875.01,paid
1809,151,10203,2025-11-26,2875.01,paid
1810,151,10203,2025-12-26,2875.01,paid
1811,151,10203,2026-01-26,2875.01,paid
1812,151,10203,2026-02-26,2875.01,paid
1813,152,10204,2025-06-13,1132.2,failed
1814,152,10204,2025-07-13,1132.2,paid
1815,152,10204,2025-08-13,1132.2,paid
1816,152,10204,2025-09-13,1132.2,paid
1817,152,10204,2025-10-13,1132.2,paid
1818,152,10204,2025-11-13,1132.2,paid
1819,152,10204,2025-12-13,1132.2,paid
1820,152,10204,2026-01-13,1132.2,paid
1821,152,10204,2026-02-13,1132.2,paid
1822,152,10204,2026-03-13,1132.2,paid
1823,152,10204,2026-04-13,1132.2,paid
1824,152,10204,2026-05-13,1132.2,paid
1825,153,10205,2025-10-30,885.02,paid
1826,153,10205,2025-11-30,885.02,paid
1827,153,10205,2025-12-30,885.02,paid
1828,153,10205,2026-01-30,885.02,paid
1829,153,10205,2026-02-28,885.02,paid
1830,153,10205,2026-03-30,885.02,paid
1831,153,10205,2026-04-30,885.02,paid
1832,153,10205,2026-05-30,885.02,paid
1833,153,10205,2026-06-30,885.02,paid
1834,153,10205,2026-07-30,885.02,paid
1835,153,10205,2026-08-30,885.02,paid
1836,153,10205,2026-09-30,885.02,paid
1837,154,10208,2026-01-27,4216.87,paid
1838,154,10208,2026-02-27,4216.87,paid
1839,154,10208,2026-03-27,4216.87,paid
1840,154,10208,2026-04-27,4216.87,paid
1841,154,10208,2026-05-27,4216.87,paid
1842,154,10208,2026-06-27,4216.87,paid
1843,154,10208,2026-07-27,4216.87,paid
1844,154,10208,2026-08-27,4216.87,paid
1845,154,10208,2026-09-27,4216.87,paid
1846,154,10208,2026-10-27,4216.87,paid
1847,154,10208,2026-11-27,4216.87,paid
1848,154,10208,2026-12-27,4216.87,paid
1849,155,10209,2026-01-19,1056.04,paid
1850,155,10209,2026-02-19,1056.04,paid
1851,155,10209,2026-03-19,1056.04,paid
1852,155,10209,2026-04-19,1056.04,paid
1853,155,10209,2026-05-19,1056.04,paid
1854,155,10209,2026-06-19,1056.04,paid
1855,155,10209,2026-07-19,1056.04,paid
1856,155,10209,2026-08-19,1056.04,paid
1857,155,10209,2026-09-19,1056.04,paid
1858,155,10209,2026-10-19,1056.04,paid
1859,155,10209,2026-11-19,1056.04,paid
1860,155,10209,2026-12-19,1056.04,paid
1861,156,10210,2025-09-16,3215.9,paid
1862,156,10210,2025-10-16,3215.9,paid
1863,156,10210,2025-11-16,3215.9,paid
1864,156,10210,2025-12-16,3215.9,paid
1865,156,10210,2026-01-16,-25.0,paid
1866,156,10210,2026-02-16,3215.9,paid
1867,156,10210,2026-03-16,3215.9,paid
1868,156,10210,2026-04-16,3215.9,paid
1869,156,10210,2026-05-16,3215.9,paid
1870,156,10210,2026-06-16,3215.9,paid
1871,156,10210,2026-07-16,3215.9,paid
1872,156,10210,2026-08-16,3215.9,paid
1873,157,10211,2025-05-02,4315.52,paid
1874,157,10211,2025-06-02,4315.52,paid
1875,157,10211,2025-07-02,4315.52,paid
1876,157,10211,2025-08-02,4315.52,paid
1877,157,10211,2025-09-02,4315.52,paid
1878,157,10211,2025-10-02,4315.52,paid
1879,157,10211,2025-11-02,4315.52,paid
1880,157,10211,2025-12-02,4315.52,paid
1881,157,10211,2026-01-02,4315.52,paid
1882,157,10211,2026-02-02,4315.52,paid
1883,157,10211,2026-03-02,4315.52,paid
1884,157,10211,2026-04-02,4315.52,paid
1885,158,10212,2025-09-19,4900.08,paid
1886,158,10212,2025-10-19,4900.08,paid
1887,158,10212,2025-11-19,4900.08,paid
1888,158,10212,2025-12-19,4900.08,paid
1889,158,10212,2026-01-19,4900.08,paid
1890,158,10212,2026-02-19,4900.08,paid
1891,158,10212,2026-03-19,4900.08,paid
1892,158,10212,2026-04-19,4900.08,paid
1893,158,10212,2026-05-19,4900.08,paid
1894,158,10212,2026-06-19,4900.08,paid
1895,158,10212,2026-07-19,4900.08,paid
1896,158,10212,2026-08-19,4900.08,paid
1897,159,10214,2026-02-02,13294.54,failed
1898,159,10214,2026-03-02,13294.54,paid
1899,159,10214,2026-04-02,13294.54,paid
1900,159,10214,2026-05-02,13294.54,paid
1901,159,10214,2026-06-02,13294.54,paid
1902,159,10214,2026-07-02,13294.54,paid
1903,159,10214,2026-08-02,13294.54,paid
1904,159,10214,2026-09-02,13294.54,paid
1905,159,10214,2026-10-02,13294.54,paid
1906,159,10214,2026-11-02,13294.54,paid
1907,159,10214,2026-12-02,13294.54,paid
1908,159,10214,2027-01-02,13294.54,paid
1909,160,10215,2025-04-21,4261.1,paid
1910,160,10215,2025-05-21,-25.0,paid
1911,160,10215,2025-06-21,4261.1,paid
1912,160,10215,2025-07-21,4261.1,paid
1913,160,10215,2025-08-21,4261.1,paid
1914,160,10215,2025-09-21,4261.1,paid
1915,160,10215,2025-10-21,4261.1,paid
1916,160,10215,2025-11-21,4261.1,paid
1917,160,10215,2025-12-21,4261.1,paid
1918,160,10215,2026-01-21,4261.1,paid
1919,160,10215,2026-02-21,4261.1,paid
1920,160,10215,2026-03-21,4261.1,paid
1921,161,10216,2025-12-11,2962.01,paid
1922,161,10216,2026-01-11,2962.01,paid
1923,161,10216,2026-02-11,2962.01,paid
1924,161,10216,2026-03-11,2962.01,paid
1925,161,10216,2026-04-11,2962.01,paid
1926,161,10216,2026-05-11,2962.01,paid
1927,161,10216,2026-06-11,2962.01,paid
1928,161,10216,2026-07-11,2962.01,paid
1929,161,10216,2026-08-11,2962.01,paid
1930,161,10216,2026-09-11,2962.01,paid
1931,161,10216,2026-10-11,2962.01,paid
1932,161,10216,2026-11-11,2962.01,paid
1933,162,10217,2025-10-30,909.91,paid
1934,162,10217,2025-11-30,909.91,paid
1935,162,10217,2025-12-30,909.91,paid
1936,162,10217,2026-01-30,909.91,paid
1937,162,10217,2026-02-28,909.91,paid
1938,162,10217,2026-03-30,909.91,paid
1939,162,10217,2026-04-30,909.91,paid
1940,162,10217,2026-05-30,909.91,paid
1941,162,10217,2026-06-30,909.91,paid
1942,162,10217,2026-07-30,909.91,paid
1943,162,10217,2026-08-30,909.91,paid
1944,162,10217,2026-09-30,909.91,paid
1945,163,10219,2025-09-26,15767.12,paid
1946,163,10219,2025-10-26,15767.12,paid
1947,163,10219,2025-11-26,15767.12,paid
1948,163,10219,2025-12-26,15767.12,paid
1949,163,10219,2026-01-26,15767.12,paid
1950,163,10219,2026-02-26,15767.12,paid
1951,163,10219,2026-03-26,15767.12,paid
1952,163,10219,2026-04-26,15767.12,paid
1953,163,10219,2026-05-26,15767.12,paid
1954,163,10219,2026-06-26,15767.12,paid
1955,163,10219,2026-07-26,15767.12,paid
1956,163,10219,2026-08-26,15767.12,paid
1957,164,10221,2025-12-22,1263.49,paid
1958,164,10221,2026-01-22,1263.49,paid
1959,164,10221,2026-02-22,1263.49,paid
1960,164,10221,2026-03-22,1263.49,paid
1961,164,10221,2026-04-22,1263.49,paid
1962,164,10221,2026-05-22,1263.49,paid
1963,164,10221,2026-06-22,1263.49,paid
1964,164,10221,2026-07-22,1263.49,paid
1965,164,10221,2026-08-22,1263.49,paid
1966,164,10221,2026-09-22,1263.49,paid
1967,164,10221,2026-10-22,1263.49,paid
1968,164,10221,2026-11-22,1263.49,paid
1969,165,10224,2025-04-17,13509.38,paid
1970,165,10224,2025-05-17,13509.38,paid
1971,165,10224,2025-06-17,13509.38,paid
1972,165,10224,2025-07-17,13509.38,paid
1973,165,10224,2025-08-17,13509.38,paid
1974,165,10224,2025-09-17,-25.0,paid
1975,165,10224,2025-10-17,13509.38,paid
1976,165,10224,2025-11-17,13509.38,paid
1977,165,10224,2025-12-17,13509.38,paid
1978,165,10224,2026-01-17,13509.38,paid
1979,165,10224,2026-02-17,13509.38,paid
1980,165,10224,2026-03-17,13509.38,paid
1981,166,10225,2025-07-26,680.42,paid
1982,166,10225,2025-08-26,680.42,paid
1983,166,10225,2025-09-26,680.42,paid
1984,166,10225,2025-10-26,680.42,failed
1985,166,10225,2025-11-26,680.42,paid
1986,166,10225,2025-12-26,680.42,paid
1987,166,10225,2026-01-26,680.42,paid
1988,166,10225,2026-02-26,680.42,paid
1989,166,10225,2026-03-26,680.42,paid
1990,166,10225,2026-04-26,680.42,paid
1991,166,10225,2026-05-26,680.42,paid
1992,166,10225,2026-06-26,680.42,paid
1993,167,10226,2025-10-26,15214.26,paid
1994,167,10226,2025-11-26,15214.26,paid
1995,167,10226,2025-12-26,15214.26,paid
1996,167,10226,2026-01-26,15214.26,paid
1997,167,10226,2026-02-26,15214.26,paid
1998,167,10226,2026-03-26,15214.26,paid
1999,167,10226,2026-04-26,15214.26,paid
2000,167,10226,2026-05-26,15214.26,paid
2001,167,10226,2026-06-26,15214.26,paid
2002,167,10226,2026-07-26,15214.26,paid
2003,167,10226,2026-08-26,15214.26,paid
2004,167,10226,2026-09-26,15214.26,paid
2005,168,10227,2025-02-12,698.02,paid
2006,168,10227,2025-03-12,698.02,paid
2007,168,10227,2025-04-12,698.02,paid
2008,168,10227,2025-05-12,698.02,paid
2009,168,10227,2025-06-12,698.02,paid
2010,168,10227,2025-07-12,698.02,paid
2011,168,10227,2025-08-12,698.02,paid
2012,168,10227,2025-09-12,698.02,paid
2013,168,10227,2025-10-12,698.02,paid
2014,168,10227,2025-11-12,698.02,paid
2015,168,10227,2025-12-12,698.02,paid
2016,168,10227,2026-01-12,698.02,paid
2017,169,10228,2025-09-01,3146.13,paid
2018,169,10228,2025-10-01,3146.13,paid
2019,169,10228,2025-11-01,3146.13,paid
2020,169,10228,2025-12-01,3146.13,paid
2021,169,10228,2026-01-01,3146.13,paid
2022,169,10228,2026-02-01,3146.13,paid
2023,169,10228,2026-03-01,3146.13,paid
2024,169,10228,2026-04-01,3146.13,paid
2025,169,10228,2026-05-01,3146.13,paid
2026,169,10228,2026-06-01,3146.13,paid
2027,169,10228,2026-07-01,3146.13,paid
2028,169,10228,2026-08-01,3146.13,paid
2029,170,10229,2025-10-25,2681.74,paid
2030,170,10229,2025-11-25,2681.74,paid
2031,170,10229,2025-12-25,2681.74,paid
2032,170,10229,2026-01-25,2681.74,paid
2033,170,10229,2026-02-25,2681.74,paid
2034,170,10229,2026-03-25,2681.74,paid
2035,170,10229,2026-04-25,2681.74,paid
2036,170,10229,2026-05-25,2681.74,paid
2037,170,10229,2026-06-25,2681.74,paid
2038,170,10229,2026-07-25,2681.74,paid
2039,170,10229,2026-08-25,2681.74,paid
2040,170,10229,2026-09-25,2681.74,paid
2041,171,10230,2025-08-14,1242.64,paid
2042,171,10230,2025-09-14,1242.64,paid
2043,171,10230,2025-10-14,1242.64,paid
2044,171,10230,2025-11-14,1242.64,paid
2045,171,10230,2025-12-14,1242.64,paid
2046,171,10230,2026-01-14,1242.64,paid
2047,171,10230,2026-02-14,1242.64,paid
2048,171,10230,2026-03-14,1242.64,paid
2049,171,10230,2026-04-14,1242.64,paid
2050,171,10230,2026-05-14,1242.64,paid
2051,171,10230,2026-06-14,1242.64,paid
2052,171,10230,2026-07-14,1242.64,paid
2053,172,10231,2025-08-09,1038.16,paid
2054,172,10231,2025-09-09,1038.16,paid
2055,172,10231,2025-10-09,1038.16,paid
2056,172,10231,2025-11-09,1038.16,paid
2057,172,10231,2025-12-09,1038.16,paid
2058,172,10231,2026-01-09,1038.16,paid
2059,172,10231,2026-02-09,1038.16,paid
2060,172,10231,2026-03-09,1038.16,paid
2061,172,10231,2026-04-09,1038.16,paid
2062,172,10231,2026-05-09,1038.16,paid
2063,172,10231,2026-06-09,1038.16,paid
2064,172,10231,2026-07-09,1038.16,paid
2065,173,10233,2025-09-17,13132.09,paid
2066,173,10233,2025-10-17,13132.09,paid
2067,173,10233,2025-11-17,13132.09,paid
2068,173,10233,2025-12-17,13132.09,paid
2069,173,10233,2026-01-17,13132.09,paid
2070,173,10233,2026-02-17,13132.09,paid
2071,173,10233,2026-03-17,13132.09,paid
2072,173,10233,2026-04-17,13132.09,paid
2073,173,10233,2026-05-17,13132.09,paid
2074,173,10233,2026-06-17,13132.09,paid
2075,173,10233,2026-07-17,13132.09,paid
2076,173,10233,2026-08-17,13132.09,paid
2077,174,10235,2025-09-09,14522.28,paid
2078,174,10235,2025-10-09,14522.28,paid
2079,174,10235,2025-11-09,14522.28,paid
2080,174,10235,2025-12-09,14522.28,paid
2081,174,10235,2026-01-09,14522.28,paid
2082,174,10235,2026-02-09,14522.28,paid
2083,174,10235,2026-03-09,14522.28,paid
2084,174,10235,2026-04-09,14522.28,paid
2085,174,10235,2026-05-09,14522.28,paid
2086,174,10235,2026-06-09,14522.28,paid
2087,174,10235,2026-07-09,14522.28,paid
2088,174,10235,2026-08-09,14522.28,paid
2089,175,10237,2025-10-13,4652.9,paid
2090,175,10237,2025-11-13,4652.9,paid
2091,175,10237,2025-12-13,4652.9,paid
2092,175,10237,2026-01-13,4652.9,paid
2093,175,10237,2026-02-13,4652.9,paid
2094,175,10237,2026-03-13,4652.9,paid
2095,175,10237,2026-04-13,4652.9,paid
2096,175,10237,2026-05-13,4652.9,paid
2097,175,10237,2026-06-13,4652.9,paid
2098,175,10237,2026-07-13,4652.9,paid
2099,175,10237,2026-08-13,4652.9,paid
2100,175,10237,2026-09-13,4652.9,paid
2101,176,10238,2025-04-10,4076.37,failed
2102,176,10238,2025-05-10,4076.37,paid
2103,176,10238,2025-06-10,4076.37,paid
2104,176,10238,2025-07-10,4076.37,paid
2105,176,10238,2025-08-10,4076.37,paid
2106,176,10238,2025-09-10,4076.37,paid
2107,176,10238,2025-10-10,4076.37,paid
2108,176,10238,2025-11-10,4076.37,paid
2109,176,10238,2025-12-10,4076.37,paid
2110,176,10238,2026-01-10,4076.37,paid
2111,176,10238,2026-02-10,4076.37,paid
2112,176,10238,2026-03-10,4076.37,paid
2113,177,10239,2025-02-04,935.04,paid
2114,177,10239,2025-03-04,935.04,failed
2115,177,10239,2025-04-04,935.04,paid
2116,177,10239,2025-05-04,935.04,paid
2117,177,10239,2025-06-04,935.04,paid
2118,177,10239,2025-07-04,935.04,paid
2119,177,10239,2025-08-04,935.04,paid
2120,177,10239,2025-09-04,935.04,paid
2121,177,10239,2025-10-04,935.04,paid
2122,177,10239,2025-11-04,935.04,paid
2123,177,10239,2025-12-04,935.04,paid
2124,177,10239,2026-01-04,935.04,paid
2125,178,10240,2025-05-27,1274.88,paid
2126,178,10240,2025-06-27,1274.88,paid
2127,178,10240,2025-07-27,1274.88,paid
2128,178,10240,2025-08-27,1274.88,paid
2129,178,10240,2025-09-27,1274.88,paid
2130,178,10240,2025-10-27,1274.88,paid
2131,178,10240,2025-11-27,1274.88,paid
2132,178,10240,2025-12-27,1274.88,paid
2133,178,10240,2026-01-27,1274.88,paid
2134,178,10240,2026-02-27,1274.88,paid
2135,178,10240,2026-03-27,1274.88,paid
2136,178,10240,2026-04-27,1274.88,paid
2137,179,10242,2026-01-15,3722.89,paid
2138,179,10242,2026-02-15,3722.89,paid
2139,179,10242,2026-03-15,3722.89,failed
2140,179,10242,2026-04-15,3722.89,paid
2141,179,10242,2026-05-15,3722.89,paid
2142,179,10242,2026-06-15,3722.89,paid
2143,179,10242,2026-07-15,3722.89,paid
2144,179,10242,2026-08-15,3722.89,paid
2145,179,10242,2026-09-15,3722.89,paid
2146,179,10242,2026-10-15,3722.89,failed
2147,179,10242,2026-11-15,3722.89,paid
2148,179,10242,2026-12-15,3722.89,paid
2149,180,10243,2025-06-27,1021.91,paid
2150,180,10243,2025-07-27,1021.91,paid
2151,180,10243,2025-08-27,1021.91,paid
2152,180,10243,2025-09-27,1021.91,paid
2153,180,10243,2025-10-27,1021.91,paid
2154,180,10243,2025-11-27,1021.91,paid
2155,180,10243,2025-12-27,1021.91,paid
2156,180,10243,2026-01-27,1021.91,paid
2157,180,10243,2026-02-27,1021.91,paid
2158,180,10243,2026-03-27,1021.91,paid
2159,180,10243,2026-04-27,1021.91,paid
2160,180,10243,2026-05-27,1021.91,paid
2161,181,10244,2025-11-29,4865.1,paid
2162,181,10244,2025-12-29,4865.1,failed
2163,181,10244,2026-01-29,4865.1,failed
2164,181,10244,2026-02-28,4865.1,paid
2165,181,10244,2026-03-29,4865.1,paid
2166,181,10244,2026-04-29,4865.1,paid
2167,181,10244,2026-05-29,4865.1,paid
2168,181,10244,2026-06-29,4865.1,paid
2169,181,10244,2026-07-29,4865.1,paid
2170,181,10244,2026-08-29,4865.1,paid
2171,181,10244,2026-09-29,4865.1,paid
2172,181,10244,2026-10-29,4865.1,paid
2173,182,10245,2025-05-21,3330.7,paid
2174,182,10245,2025-06-21,3330.7,paid
2175,182,10245,2025-07-21,3330.7,paid
2176,182,10245,2025-08-21,3330.7,paid
2177,182,10245,2025-09-21,3330.7,paid
2178,182,10245,2025-10-21,3330.7,paid
2179,182,10245,2025-11-21,3330.7,paid
2180,182,10245,2025-12-21,3330.7,paid
2181,182,10245,2026-01-21,3330.7,paid
2182,182,10245,2026-02-21,3330.7,paid
2183,182,10245,2026-03-21,3330.7,paid
2184,182,10245,2026-04-21,3330.7,paid
2185,183,10246,2025-08-26,10566.64,paid
2186,183,10246,2025-09-26,10566.64,paid
2187,183,10246,2025-10-26,10566.64,paid
2188,183,10246,2025-11-26,10566.64,paid
2189,183,10246,2025-12-26,10566.64,paid
2190,183,10246,2026-01-26,10566.64,paid
2191,183,10246,2026-02-26,10566.64,paid
2192,183,10246,2026-03-26,10566.64,paid
2193,183,10246,2026-04-26,10566.64,paid
2194,183,10246,2026-05-26,10566.64,paid
2195,183,10246,2026-06-26,10566.64,paid
2196,183,10246,2026-07-26,10566.64,paid
2197,184,10247,2025-11-17,4949.85,paid
2198,184,10247,2025-12-17,4949.85,paid
2199,184,10247,2026-01-17,4949.85,failed
2200,184,10247,2026-02-17,4949.85,paid
2201,184,10247,2026-03-17,4949.85,paid
2202,184,10247,2026-04-17,4949.85,paid
2203,184,10247,2026-05-17,4949.85,paid
2204,184,10247,2026-06-17,4949.85,paid
2205,184,10247,2026-07-17,4949.85,paid
2206,184,10247,2026-08-17,4949.85,paid
2207,184,10247,2026-09-17,4949.85,paid
2208,184,10247,2026-10-17,4949.85,paid
2209,185,10248,2025-03-13,1084.28,paid
2210,185,10248,2025-04-13,1084.28,paid
2211,185,10248,2025-05-13,1084.28,paid
2212,185,10248,2025-06-13,1084.28,paid
2213,185,10248,2025-07-13,1084.28,paid
2214,185,10248,2025-08-13,1084.28,paid
2215,185,10248,2025-09-13,1084.28,paid
2216,185,10248,2025-10-13,1084.28,paid
2217,185,10248,2025-11-13,1084.28,paid
2218,185,10248,2025-12-13,1084.28,paid
2219,185,10248,2026-01-13,1084.28,paid
2220,185,10248,2026-02-13,1084.28,paid
2221,186,10249,2025-07-29,936.77,paid
2222,186,10249,2025-08-29,936.77,paid
2223,186,10249,2025-09-29,936.77,paid
2224,186,10249,2025-10-29,936.77,paid
2225,186,10249,2025-11-29,936.77,paid
2226,186,10249,2025-12-29,936.77,paid
2227,186,10249,2026-01-29,936.77,paid
2228,186,10249,2026-02-28,936.77,paid
2229,186,10249,2026-03-29,936.77,paid
2230,186,10249,2026-04-29,936.77,paid
2231,186,10249,2026-05-29,936.77,failed
2232,186,10249,2026-06-29,936.77,paid
2233,187,10250,2025-06-24,4148.24,paid
2234,187,10250,2025-07-24,4148.24,paid
2235,187,10250,2025-08-24,4148.24,paid
2236,187,10250,2025-09-24,4148.24,paid
2237,187,10250,2025-10-24,4148.24,failed
2238,187,10250,2025-11-24,4148.24,paid
2239,187,10250,2025-12-24,4148.24,paid
2240,187,10250,2026-01-24,4148.24,paid
2241,187,10250,2026-02-24,4148.24,paid
2242,187,10250,2026-03-24,4148.24,paid
2243,187,10250,2026-04-24,4148.24,paid
2244,187,10250,2026-05-24,4148.24,paid
2245,188,10251,2025-06-30,2731.63,paid
2246,188,10251,2025-07-31,2731.63,paid
2247,188,10251,2025-08-31,2731.63,paid
2248,188,10251,2025-09-30,2731.63,paid
2249,188,10251,2025-10-31,2731.63,paid
2250,188,10251,2025-11-30,2731.63,paid
2251,188,10251,2025-12-31,2731.63,paid
2252,188,10251,2026-01-31,2731.63,paid
2253,188,10251,2026-02-28,2731.63,paid
2254,188,10251,2026-03-31,2731.63,paid
2255,188,10251,2026-04-30,2731.63,paid
2256,188,10251,2026-05-31,2731.63,paid
2257,189,10252,2026-01-06,13040.67,paid
2258,189,10252,2026-02-06,13040.67,paid
2259,189,10252,2026-03-06,13040.67,paid
2260,189,10252,2026-04-06,13040.67,paid
2261,189,10252,2026-05-06,13040.67,paid
2262,189,10252,2026-06-06,13040.67,paid
2263,189,10252,2026-07-06,13040.67,failed
2264,189,10252,2026-08-06,13040.67,paid
2265,189,10252,2026-09-06,13040.67,paid
2266,189,10252,2026-10-06,13040.67,paid
2267,189,10252,2026-11-06,13040.67,paid
2268,189,10252,2026-12-06,13040.67,paid
2269,190,10253,2025-04-28,4405.14,paid
2270,190,10253,2025-05-28,4405.14,paid
2271,190,10253,2025-06-28,4405.14,paid
2272,190,10253,2025-07-28,4405.14,paid
2273,190,10253,2025-08-28,4405.14,paid
2274,190,10253,2025-09-28,4405.14,paid
2275,190,10253,2025-10-28,4405.14,paid
2276,190,10253,2025-11-28,4405.14,paid
2277,190,10253,2025-12-28,4405.14,paid
2278,190,10253,2026-01-28,4405.14,paid
2279,190,10253,2026-02-28,4405.14,paid
2280,190,10253,2026-03-28,4405.14,paid
2281,191,10254,2026-01-27,678.29,paid
2282,191,10254,2026-02-27,678.29,paid
2283,191,10254,2026-03-27,678.29,paid
2284,191,10254,2026-04-27,678.29,paid
2285,191,10254,2026-05-27,678.29,paid
2286,191,10254,2026-06-27,678.29,failed
2287,191,10254,2026-07-27,678.29,paid
2288,191,10254,2026-08-27,678.29,paid
2289,191,10254,2026-09-27,678.29,paid
2290,191,10254,2026-10-27,678.29,paid
2291,191,10254,2026-11-27,678.29,paid
2292,191,10254,2026-12-27,678.29,paid
2293,192,10255,2025-10-06,1106.41,paid
2294,192,10255,2025-11-06,1106.41,paid
2295,192,10255,2025-12-06,1106.41,paid
2296,192,10255,2026-01-06,1106.41,paid
2297,192,10255,2026-02-06,1106.41,paid
2298,192,10255,2026-03-06,1106.41,paid
2299,192,10255,2026-04-06,1106.41,paid
2300,192,10255,2026-05-06,1106.41,paid
2301,192,10255,2026-06-06,1106.41,paid
2302,192,10255,2026-07-06,1106.41,paid
2303,192,10255,2026-08-06,1106.41,paid
2304,192,10255,2026-09-06,-25.0,paid
2305,193,10256,2025-06-05,3667.85,paid
2306,193,10256,2025-07-05,3667.85,paid
2307,193,10256,2025-08-05,3667.85,paid
2308,193,10256,2025-09-05,3667.85,paid
2309,193,10256,2025-10-05,3667.85,paid
2310,193,10256,2025-11-05,3667.85,paid
2311,193,10256,2025-12-05,3667.85,paid
2312,193,10256,2026-01-05,3667.85,paid
2313,193,10256,2026-02-05,3667.85,paid
2314,193,10256,2026-03-05,3667.85,paid
2315,193,10256,2026-04-05,3667.85,paid
2316,193,10256,2026-05-05,3667.85,paid
2317,194,10257,2025-05-17,10970.0,paid
2318,194,10257,2025-06-17,10970.0,paid
2319,194,10257,2025-07-17,10970.0,paid
2320,194,10257,2025-08-17,10970.0,paid
2321,194,10257,2025-09-17,10970.0,paid
2322,194,10257,2025-10-17,10970.0,paid
2323,194,10257,2025-11-17,10970.0,paid
2324,194,10257,2025-12-17,-25.0,paid
2325,194,10257,2026-01-17,10970.0,paid
2326,194,10257,2026-02-17,10970.0,paid
2327,194,10257,2026-03-17,10970.0,paid
2328,194,10257,2026-04-17,10970.0,paid
2329,195,10258,2025-11-28,1167.09,paid
2330,195,10258,2025-12-28,1167.09,paid
2331,195,10258,2026-01-28,1167.09,paid
2332,195,10258,2026-02-28,1167.09,paid
2333,195,10258,2026-03-28,1167.09,failed
2334,195,10258,2026-04-28,1167.09,paid
2335,195,10258,2026-05-28,1167.09,paid
2336,195,10258,2026-06-28,1167.09,paid
2337,195,10258,2026-07-28,1167.09,paid
2338,195,10258,2026-08-28,1167.09,paid
2339,195,10258,2026-09-28,1167.09,paid
2340,195,10258,2026-10-28,1167.09,paid
2341,196,10260,2025-05-11,3301.95,paid
2342,196,10260,2025-06-11,3301.95,paid
2343,196,10260,2025-07-11,3301.95,paid
2344,196,10260,2025-08-11,3301.95,paid
2345,196,10260,2025-09-11,3301.95,paid
2346,196,10260,2025-10-11,3301.95,paid
2347,196,10260,2025-11-11,3301.95,paid
2348,196,10260,2025-12-11,3301.95,paid
2349,196,10260,2026-01-11,3301.95,paid
2350,196,10260,2026-02-11,3301.95,paid
2351,196,10260,2026-03-11,3301.95,paid
2352,196,10260,2026-04-11,3301.95,paid
2353,197,10263,2025-06-30,1125.87,failed
2354,197,10263,2025-07-31,1125.87,paid
2355,197,10263,2025-08-31,1125.87,paid
2356,197,10263,2025-09-30,1125.87,paid
2357,197,10263,2025-10-31,1125.87,paid
2358,197,10263,2025-11-30,1125.87,paid
2359,197,10263,2025-12-31,1125.87,paid
2360,197,10263,2026-01-31,1125.87,paid
2361,197,10263,2026-02-28,1125.87,paid
2362,197,10263,2026-03-31,1125.87,paid
2363,197,10263,2026-04-30,1125.87,paid
2364,197,10263,2026-05-31,1125.87,paid
2365,198,10264,2025-02-02,901.31,paid
2366,198,10264,2025-03-02,901.31,paid
2367,198,10264,2025-04-02,901.31,paid
2368,198,10264,2025-05-02,901.31,paid
2369,198,10264,2025-06-02,901.31,paid
2370,198,10264,2025-07-02,901.31,paid
2371,198,10264,2025-08-02,901.31,paid
2372,198,10264,2025-09-02,901.31,paid
2373,198,10264,2025-10-02,901.31,paid
2374,198,10264,2025-11-02,901.31,paid
2375,198,10264,2025-12-02,901.31,paid
2376,198,10264,2026-01-02,901.31,paid
2377,199,10265,2025-11-11,9449.42,paid
2378,199,10265,2025-12-11,9449.42,paid
2379,199,10265,2026-01-11,9449.42,paid
2380,199,10265,2026-02-11,9449.42,paid
2381,199,10265,2026-03-11,9449.42,paid
2382,199,10265,2026-04-11,9449.42,paid
2383,199,10265,2026-05-11,9449.42,paid
2384,199,10265,2026-06-11,9449.42,paid
2385,199,10265,2026-07-11,9449.42,paid
2386,199,10265,2026-08-11,9449.42,paid
2387,199,10265,2026-09-11,9449.42,paid
2388,199,10265,2026-10-11,9449.42,paid
2389,200,10266,2025-10-15,761.5,paid
2390,200,10266,2025-11-15,761.5,paid
2391,200,10266,2025-12-15,761.5,paid
2392,200,10266,2026-01-15,761.5,paid
2393,200,10266,2026-02-15,761.5,paid
2394,200,10266,2026-03-15,761.5,paid
2395,200,10266,2026-04-15,761.5,paid
2396,200,10266,2026-05-15,761.5,paid
2397,200,10266,2026-06-15,761.5,paid
2398,200,10266,2026-07-15,761.5,paid
2399,200,10266,2026-08-15,761.5,paid
2400,200,10266,2026-09-15,761.5,paid
2401,201,10268,2025-03-09,1295.24,failed
2402,201,10268,2025-04-09,1295.24,paid
2403,201,10268,2025-05-09,1295.24,paid
2404,201,10268,2025-06-09,1295.24,paid
2405,201,10268,2025-07-09,1295.24,paid
2406,201,10268,2025-08-09,1295.24,paid
2407,201,10268,2025-09-09,1295.24,paid
2408,201,10268,2025-10-09,1295.24,paid
2409,201,10268,2025-11-09,1295.24,paid
2410,201,10268,2025-12-09,1295.24,paid
2411,201,10268,2026-01-09,1295.24,paid
2412,201,10268,2026-02-09,1295.24,paid
2413,202,10271,2025-09-11,773.97,paid
2414,202,10271,2025-10-11,773.97,paid
2415,202,10271,2025-11-11,773.97,paid
2416,202,10271,2025-12-11,773.97,paid
2417,202,10271,2026-01-11,773.97,paid
2418,202,10271,2026-02-11,773.97,paid
2419,202,10271,2026-03-11,773.97,paid
2420,202,10271,2026-04-11,773.97,paid
2421,202,10271,2026-05-11,773.97,paid
2422,202,10271,2026-06-11,773.97,paid
2423,202,10271,2026-07-11,773.97,paid
2424,202,10271,2026-08-11,773.97,paid
2425,203,10272,2026-02-09,1048.36,paid
2426,203,10272,2026-03-09,1048.36,paid
2427,203,10272,2026-04-09,1048.36,paid
2428,203,10272,2026-05-09,1048.36,paid
2429,203,10272,2026-06-09,1048.36,paid
2430,203,10272,2026-07-09,1048.36,paid
2431,203,10272,2026-08-09,1048.36,paid
2432,203,10272,2026-09-09,1048.36,paid
2433,203,10272,2026-10-09,1048.36,paid
2434,203,10272,2026-11-09,1048.36,paid
2435,203,10272,2026-12-09,1048.36,failed
2436,203,10272,2027-01-09,1048.36,paid
2437,204,10273,2026-01-28,1247.97,paid
2438,204,10273,2026-02-28,1247.97,paid
2439,204,10273,2026-03-28,1247.97,paid
2440,204,10273,2026-04-28,1247.97,paid
2441,204,10273,2026-05-28,1247.97,paid
2442,204,10273,2026-06-28,1247.97,paid
2443,204,10273,2026-07-28,1247.97,paid
2444,204,10273,2026-08-28,1247.97,paid
2445,204,10273,2026-09-28,1247.97,paid
2446,204,10273,2026-10-28,1247.97,paid
2447,204,10273,2026-11-28,1247.97,paid
2448,204,10273,2026-12-28,1247.97,paid
2449,205,10274,2026-01-10,4193.13,paid
2450,205,10274,2026-02-10,4193.13,paid
2451,205,10274,2026-03-10,4193.13,paid
2452,205,10274,2026-04-10,4193.13,paid
2453,205,10274,2026-05-10,4193.13,paid
2454,205,10274,2026-06-10,4193.13,paid
2455,205,10274,2026-07-10,4193.13,paid
2456,205,10274,2026-08-10,4193.13,paid
2457,205,10274,2026-09-10,4193.13,paid
2458,205,10274,2026-10-10,4193.13,paid
2459,205,10274,2026-11-10,4193.13,paid
2460,205,10274,2026-12-10,4193.13,paid
2461,206,10275,2025-09-10,2824.94,paid
2462,206,10275,2025-10-10,2824.94,paid
2463,206,10275,2025-11-10,2824.94,paid
2464,206,10275,2025-12-10,2824.94,paid
2465,206,10275,2026-01-10,2824.94,paid
2466,206,10275,2026-02-10,2824.94,paid
2467,206,10275,2026-03-10,2824.94,paid
2468,206,10275,2026-04-10,2824.94,paid
2469,206,10275,2026-05-10,-25.0,paid
2470,206,10275,2026-06-10,2824.94,paid
2471,206,10275,2026-07-10,2824.94,paid
2472,206,10275,2026-08-10,2824.94,paid
2473,207,10277,2025-10-10,1290.21,paid
2474,207,10277,2025-11-10,1290.21,paid
2475,207,10277,2025-12-10,1290.21,paid
2476,207,10277,2026-01-10,1290.21,paid
2477,207,10277,2026-02-10,1290.21,paid
2478,207,10277,2026-03-10,1290.21,paid
2479,207,10277,2026-04-10,1290.21,paid
2480,207,10277,2026-05-10,1290.21,paid
2481,207,10277,2026-06-10,1290.21,paid
2482,207,10277,2026-07-10,1290.21,paid
2483,207,10277,2026-08-10,1290.21,paid
2484,207,10277,2026-09-10,1290.21,paid
2485,208,10278,2025-07-06,4715.41,paid
2486,208,10278,2025-08-06,4715.41,paid
2487,208,10278,2025-09-06,4715.41,paid
2488,208,10278,2025-10-06,4715.41,paid
2489,208,10278,2025-11-06,4715.41,paid
2490,208,10278,2025-12-06,4715.41,paid
2491,208,10278,2026-01-06,4715.41,paid
2492,208,10278,2026-02-06,4715.41,paid
2493,208,10278,2026-03-06,4715.41,failed
2494,208,10278,2026-04-06,4715.41,paid
2495,208,10278,2026-05-06,4715.41,failed
2496,208,10278,2026-06-06,4715.41,paid
2497,209,10280,2025-09-21,17072.05,paid
2498,209,10280,2025-10-21,17072.05,paid
2499,209,10280,2025-11-21,17072.05,paid
2500,209,10280,2025-12-21,17072.05,paid
2501,209,10280,2026-01-21,17072.05,paid
2502,209,10280,2026-02-21,17072.05,paid
2503,209,10280,2026-03-21,17072.05,failed
2504,209,10280,2026-04-21,17072.05,paid
2505,209,10280,2026-05-21,17072.05,paid
2506,209,10280,2026-06-21,17072.05,paid
2507,209,10280,2026-07-21,17072.05,paid
2508,209,10280,2026-08-21,17072.05,paid
2509,210,10281,2025-05-25,697.72,paid
2510,210,10281,2025-06-25,697.72,paid
2511,210,10281,2025-07-25,697.72,paid
2512,210,10281,2025-08-25,697.72,paid
2513,210,10281,2025-09-25,697.72,paid
2514,210,10281,2025-10-25,697.72,paid
2515,210,10281,2025-11-25,697.72,paid
2516,210,10281,2025-12-25,697.72,paid
2517,210,10281,2026-01-25,697.72,paid
2518,210,10281,2026-02-25,697.72,paid
2519,210,10281,2026-03-25,697.72,paid
2520,210,10281,2026-04-25,697.72,paid
2521,211,10283,2025-12-02,892.02,paid
2522,211,10283,2026-01-02,892.02,paid
2523,211,10283,2026-02-02,892.02,paid
2524,211,10283,2026-03-02,892.02,paid
2525,211,10283,2026-04-02,892.02,paid
2526,211,10283,2026-05-02,892.02,paid
2527,211,10283,2026-06-02,892.02,paid
2528,211,10283,2026-07-02,892.02,paid
2529,211,10283,2026-08-02,892.02,paid
2530,211,10283,2026-09-02,892.02,paid
2531,211,10283,2026-10-02,892.02,paid
2532,211,10283,2026-11-02,892.02,paid
2533,212,10284,2026-02-03,1012.27,paid
2534,212,10284,2026-03-03,1012.27,paid
2535,212,10284,2026-04-03,1012.27,paid
2536,212,10284,2026-05-03,1012.27,paid
2537,212,10284,2026-06-03,1012.27,failed
2538,212,10284,2026-07-03,1012.27,paid
2539,212,10284,2026-08-03,1012.27,paid
2540,212,10284,2026-09-03,1012.27,paid
2541,212,10284,2026-10-03,1012.27,paid
2542,212,10284,2026-11-03,1012.27,paid
2543,212,10284,2026-12-03,1012.27,paid
2544,212,10284,2027-01-03,1012.27,paid
2545,213,10286,2025-04-27,1059.62,paid
2546,213,10286,2025-05-27,1059.62,paid
2547,213,10286,2025-06-27,1059.62,paid
2548,213,10286,2025-07-27,1059.62,paid
2549,213,10286,2025-08-27,1059.62,paid
2550,213,10286,2025-09-27,1059.62,paid
2551,213,10286,2025-10-27,1059.62,failed
2552,213,10286,2025-11-27,1059.62,paid
2553,213,10286,2025-12-27,1059.62,paid
2554,213,10286,2026-01-27,1059.62,paid
2555,213,10286,2026-02-27,1059.62,paid
2556,213,10286,2026-03-27,1059.62,paid
2557,214,10287,2026-01-07,1156.96,paid
2558,214,10287,2026-02-07,1156.96,paid
2559,214,10287,2026-03-07,1156.96,paid
2560,214,10287,2026-04-07,1156.96,paid
2561,214,10287,2026-05-07,1156.96,paid
2562,214,10287,2026-06-07,1156.96,paid
2563,214,10287,2026-07-07,1156.96,paid
2564,214,10287,2026-08-07,1156.96,paid
2565,214,10287,2026-09-07,1156.96,paid
2566,214,10287,2026-10-07,1156.96,paid
2567,214,10287,2026-11-07,1156.96,paid
2568,214,10287,2026-12-07,1156.96,paid
2569,215,10288,2025-12-03,1084.84,failed
2570,215,10288,2026-01-03,1084.84,paid
2571,215,10288,2026-02-03,1084.84,paid
2572,215,10288,2026-03-03,1084.84,paid
2573,215,10288,2026-04-03,1084.84,paid
2574,215,10288,2026-05-03,1084.84,paid
2575,215,10288,2026-06-03,1084.84,paid
2576,215,10288,2026-07-03,1084.84,paid
2577,215,10288,2026-08-03,1084.84,paid
2578,215,10288,2026-09-03,1084.84,paid
2579,215,10288,2026-10-03,1084.84,paid
2580,215,10288,2026-11-03,1084.84,paid
2581,216,10289,2025-12-30,4746.61,paid
2582,216,10289,2026-01-30,4746.61,paid
2583,216,10289,2026-02-28,4746.61,paid
2584,216,10289,2026-03-30,4746.61,paid
2585,216,10289,2026-04-30,4746.61,paid
2586,216,10289,2026-05-30,4746.61,paid
2587,216,10289,2026-06-30,4746.61,paid
2588,216,10289,2026-07-30,4746.61,paid
2589,216,10289,2026-08-30,4746.61,paid
2590,216,10289,2026-09-30,4746.61,paid
2591,216,10289,2026-10-30,4746.61,paid
2592,216,10289,2026-11-30,4746.61,paid
2593,217,10290,2025-07-02,1051.04,paid
2594,217,10290,2025-08-02,1051.04,paid
2595,217,10290,2025-09-02,1051.04,paid
2596,217,10290,2025-10-02,1051.04,paid
2597,217,10290,2025-11-02,1051.04,paid
2598,217,10290,2025-12-02,1051.04,paid
2599,217,10290,2026-01-02,1051.04,paid
2600,217,10290,2026-02-02,1051.04,paid
2601,217,10290,2026-03-02,1051.04,paid
2602,217,10290,2026-04-02,1051.04,paid
2603,217,10290,2026-05-02,1051.04,paid
2604,217,10290,2026-06-02,1051.04,paid
2605,218,10291,2025-03-12,13435.78,paid
2606,218,10291,2025-04-12,13435.78,paid
2607,218,10291,2025-05-12,13435.78,paid
2608,218,10291,2025-06-12,13435.78,paid
2609,218,10291,2025-07-12,13435.78,failed
2610,218,10291,2025-08-12,13435.78,failed
2611,218,10291,2025-09-12,13435.78,paid
2612,218,10291,2025-10-12,13435.78,paid
2613,218,10291,2025-11-12,13435.78,paid
2614,218,10291,2025-12-12,13435.78,paid
2615,218,10291,2026-01-12,13435.78,paid
2616,218,10291,2026-02-12,13435.78,paid
2617,219,10293,2026-02-15,15361.33,paid
2618,219,10293,2026-03-15,15361.33,paid
2619,219,10293,2026-04-15,15361.33,paid
2620,219,10293,2026-05-15,15361.33,paid
2621,219,10293,2026-06-15,15361.33,paid
2622,219,10293,2026-07-15,15361.33,paid
2623,219,10293,2026-08-15,15361.33,paid
2624,219,10293,2026-09-15,15361.33,paid
2625,219,10293,2026-10-15,15361.33,paid
2626,219,10293,2026-11-15,15361.33,paid
2627,219,10293,2026-12-15,15361.33,paid
2628,219,10293,2027-01-15,15361.33,paid
2629,220,10295,2025-04-20,15699.76,paid
2630,220,10295,2025-05-20,15699.76,paid
2631,220,10295,2025-06-20,15699.76,failed
2632,220,10295,2025-07-20,15699.76,paid
2633,220,10295,2025-08-20,15699.76,paid
2634,220,10295,2025-09-20,15699.76,paid
2635,220,10295,2025-10-20,15699.76,paid
2636,220,10295,2025-11-20,15699.76,paid
2637,220,10295,2025-12-20,15699.76,paid
2638,220,10295,2026-01-20,15699.76,paid
2639,220,10295,2026-02-20,15699.76,paid
2640,220,10295,2026-03-20,15699.76,paid
2641,221,10296,2025-08-24,-25.0,paid
2642,221,10296,2025-09-24,12529.24,paid
2643,221,10296,2025-10-24,12529.24,paid
2644,221,10296,2025-11-24,12529.24,paid
2645,221,10296,2025-12-24,12529.24,paid
2646,221,10296,2026-01-24,12529.24,paid
2647,221,10296,2026-02-24,12529.24,paid
2648,221,10296,2026-03-24,12529.24,paid
2649,221,10296,2026-04-24,12529.24,paid
2650,221,10296,2026-05-24,12529.24,paid
2651,221,10296,2026-06-24,12529.24,paid
2652,221,10296,2026-07-24,12529.24,paid
2653,222,10298,2025-02-09,14459.75,paid
2654,222,10298,2025-03-09,14459.75,paid
2655,222,10298,2025-04-09,14459.75,paid
2656,222,10298,2025-05-09,14459.75,paid
2657,222,10298,2025-06-09,14459.75,paid
2658,222,10298,2025-07-09,14459.75,paid
2659,222,10298,2025-08-09,14459.75,paid
2660,222,10298,2025-09-09,14459.75,paid
2661,222,10298,2025-10-09,14459.75,paid
2662,222,10298,2025-11-09,14459.75,paid
2663,222,10298,2025-12-09,14459.75,paid
2664,222,10298,2026-01-09,14459.75,paid
2665,223,10299,2026-01-25,4102.67,paid
2666,223,10299,2026-02-25,4102.67,paid
2667,223,10299,2026-03-25,4102.67,paid
2668,223,10299,2026-04-25,4102.67,paid
2669,223,10299,2026-05-25,4102.67,paid
2670,223,10299,2026-06-25,4102.67,paid
2671,223,10299,2026-07-25,4102.67,paid
2672,223,10299,2026-08-25,4102.67,paid
2673,223,10299,2026-09-25,4102.67,paid
2674,223,10299,2026-10-25,4102.67,paid
2675,223,10299,2026-11-25,4102.67,paid
2676,223,10299,2026-12-25,4102.67,paid
2677,224,10300,2026-01-30,2699.74,paid
2678,224,10300,2026-02-28,2699.74,paid
2679,224,10300,2026-03-30,2699.74,paid
2680,224,10300,2026-04-30,2699.74,paid
2681,224,10300,2026-05-30,2699.74,failed
2682,224,10300,2026-06-30,2699.74,paid
2683,224,10300,2026-07-30,2699.74,paid
2684,224,10300,2026-08-30,2699.74,paid
2685,224,10300,2026-09-30,2699.74,paid
2686,224,10300,2026-10-30,2699.74,paid
2687,224,10300,2026-11-30,2699.74,paid
2688,224,10300,2026-12-30,2699.74,paid
2689,225,10302,2025-06-11,757.85,paid
2690,225,10302,2025-07-11,757.85,paid
2691,225,10302,2025-08-11,757.85,paid
2692,225,10302,2025-09-11,757.85,paid
2693,225,10302,2025-10-11,757.85,paid
2694,225,10302,2025-11-11,757.85,paid
2695,225,10302,2025-12-11,757.85,paid
2696,225,10302,2026-01-11,757.85,paid
2697,225,10302,2026-02-11,757.85,paid
2698,225,10302,2026-03-11,757.85,paid
2699,225,10302,2026-04-11,757.85,paid
2700,225,10302,2026-05-11,757.85,paid
2701,226,10303,2025-06-13,4411.22,paid
2702,226,10303,2025-07-13,4411.22,paid
2703,226,10303,2025-08-13,4411.22,paid
2704,226,10303,2025-09-13,4411.22,paid
2705,226,10303,2025-10-13,4411.22,paid
2706,226,10303,2025-11-13,4411.22,paid
2707,226,10303,2025-12-13,4411.22,paid
2708,226,10303,2026-01-13,4411.22,paid
2709,226,10303,2026-02-13,4411.22,paid
2710,226,10303,2026-03-13,4411.22,paid
2711,226,10303,2026-04-13,4411.22,paid
2712,226,10303,2026-05-13,4411.22,paid
2713,227,10304,2025-04-20,4710.49,paid
2714,227,10304,2025-05-20,4710.49,paid
2715,227,10304,2025-06-20,4710.49,paid
2716,227,10304,2025-07-20,4710.49,paid
2717,227,10304,2025-08-20,4710.49,paid
2718,227,10304,2025-09-20,4710.49,paid
2719,227,10304,2025-10-20,4710.49,paid
2720,227,10304,2025-11-20,4710.49,paid
2721,227,10304,2025-12-20,4710.49,paid
2722,227,10304,2026-01-20,4710.49,paid
2723,227,10304,2026-02-20,4710.49,paid
2724,227,10304,2026-03-20,4710.49,paid
2725,228,10306,2025-03-17,3653.56,failed
2726,228,10306,2025-04-17,3653.56,paid
2727,228,10306,2025-05-17,3653.56,paid
2728,228,10306,2025-06-17,3653.56,paid
2729,228,10306,2025-07-17,3653.56,paid
2730,228,10306,2025-08-17,3653.56,paid
2731,228,10306,2025-09-17,3653.56,paid
2732,228,10306,2025-10-17,3653.56,paid
2733,228,10306,2025-11-17,-25.0,paid
2734,228,10306,2025-12-17,3653.56,paid
2735,228,10306,2026-01-17,3653.56,paid
2736,228,10306,2026-02-17,3653.56,paid
2737,229,10307,2025-09-18,825.22,paid
2738,229,10307,2025-10-18,825.22,paid
2739,229,10307,2025-11-18,825.22,paid
2740,229,10307,2025-12-18,825.22,paid
2741,229,10307,2026-01-18,825.22,paid
2742,229,10307,2026-02-18,825.22,paid
2743,229,10307,2026-03-18,825.22,paid
2744,229,10307,2026-04-18,825.22,paid
2745,229,10307,2026-05-18,825.22,paid
2746,229,10307,2026-06-18,825.22,paid
2747,229,10307,2026-07-18,825.22,paid
2748,229,10307,2026-08-18,825.22,paid
2749,230,10308,2025-07-26,3422.15,paid
2750,230,10308,2025-08-26,3422.15,paid
2751,230,10308,2025-09-26,3422.15,paid
2752,230,10308,2025-10-26,3422.15,paid
2753,230,10308,2025-11-26,3422.15,paid
2754,230,10308,2025-12-26,3422.15,paid
2755,230,10308,2026-01-26,3422.15,paid
2756,230,10308,2026-02-26,3422.15,paid
2757,230,10308,2026-03-26,3422.15,paid
2758,230,10308,2026-04-26,3422.15,paid
2759,230,10308,2026-05-26,3422.15,paid
2760,230,10308,2026-06-26,3422.15,failed
2761,231,10309,2025-07-06,775.91,paid
2762,231,10309,2025-08-06,775.91,paid
2763,231,10309,2025-09-06,775.91,paid
2764,231,10309,2025-10-06,775.91,paid
2765,231,10309,2025-11-06,775.91,paid
2766,231,10309,2025-12-06,775.91,paid
2767,231,10309,2026-01-06,775.91,paid
2768,231,10309,2026-02-06,775.91,paid
2769,231,10309,2026-03-06,775.91,paid
2770,231,10309,2026-04-06,775.91,paid
2771,231,10309,2026-05-06,775.91,paid
2772,231,10309,2026-06-06,775.91,paid
2773,232,10310,2026-01-19,1058.11,paid
2774,232,10310,2026-02-19,1058.11,paid
2775,232,10310,2026-03-19,1058.11,paid
2776,232,10310,2026-04-19,1058.11,paid
2777,232,10310,2026-05-19,1058.11,paid
2778,232,10310,2026-06-19,1058.11,paid
2779,232,10310,2026-07-19,1058.11,paid
2780,232,10310,2026-08-19,1058.11,paid
2781,232,10310,2026-09-19,1058.11,paid
2782,232,10310,2026-10-19,1058.11,paid
2783,232,10310,2026-11-19,1058.11,paid
2784,232,10310,2026-12-19,1058.11,paid
2785,233,10311,2025-09-01,3023.19,paid
2786,233,10311,2025-10-01,3023.19,paid
2787,233,10311,2025-11-01,3023.19,failed
2788,233,10311,2025-12-01,3023.19,paid
2789,233,10311,2026-01-01,3023.19,paid
2790,233,10311,2026-02-01,3023.19,paid
2791,233,10311,2026-03-01,3023.19,paid
2792,233,10311,2026-04-01,3023.19,paid
2793,233,10311,2026-05-01,3023.19,paid
2794,233,10311,2026-06-01,3023.19,paid
2795,233,10311,2026-07-01,3023.19,paid
2796,233,10311,2026-08-01,3023.19,paid
2797,234,10312,2025-12-07,679.01,paid
2798,234,10312,2026-01-07,679.01,paid
2799,234,10312,2026-02-07,679.01,paid
2800,234,10312,2026-03-07,679.01,paid
2801,234,10312,2026-04-07,679.01,paid
2802,234,10312,2026-05-07,679.01,paid
2803,234,10312,2026-06-07,679.01,paid
2804,234,10312,2026-07-07,679.01,paid
2805,234,10312,2026-08-07,679.01,paid
2806,234,10312,2026-09-07,679.01,paid
2807,234,10312,2026-10-07,679.01,paid
2808,234,10312,2026-11-07,679.01,paid
2809,235,10313,2025-11-18,1167.46,paid
2810,235,10313,2025-12-18,1167.46,paid
2811,235,10313,2026-01-18,1167.46,paid
2812,235,10313,2026-02-18,1167.46,paid
2813,235,10313,2026-03-18,1167.46,paid
2814,235,10313,2026-04-18,1167.46,paid
2815,235,10313,2026-05-18,1167.46,paid
2816,235,10313,2026-06-18,1167.46,paid
2817,235,10313,2026-07-18,1167.46,paid
2818,235,10313,2026-08-18,1167.46,paid
2819,235,10313,2026-09-18,1167.46,paid
2820,235,10313,2026-10-18,1167.46,paid
2821,236,10314,2025-09-07,985.99,paid
2822,236,10314,2025-10-07,985.99,paid
2823,236,10314,2025-11-07,985.99,paid
2824,236,10314,2025-12-07,985.99,paid
2825,236,10314,2026-01-07,985.99,paid
2826,236,10314,2026-02-07,985.99,paid
2827,236,10314,2026-03-07,985.99,paid
2828,236,10314,2026-04-07,985.99,paid
2829,236,10314,2026-05-07,985.99,paid
2830,236,10314,2026-06-07,985.99,paid
2831,236,10314,2026-07-07,985.99,paid
2832,236,10314,2026-08-07,985.99,paid
2833,237,10315,2025-02-12,806.88,paid
2834,237,10315,2025-03-12,806.88,paid
2835,237,10315,2025-04-12,806.88,paid
2836,237,10315,2025-05-12,806.88,paid
2837,237,10315,2025-06-12,806.88,paid
2838,237,10315,2025-07-12,806.88,paid
2839,237,10315,2025-08-12,806.88,paid
2840,237,10315,2025-09-12,806.88,paid
2841,237,10315,2025-10-12,806.88,paid
2842,237,10315,2025-11-12,806.88,paid
2843,237,10315,2025-12-12,806.88,paid
2844,237,10315,2026-01-12,806.88,paid
2845,238,10316,2025-05-29,1246.69,paid
2846,238,10316,2025-06-29,1246.69,paid
2847,238,10316,2025-07-29,1246.69,paid
2848,238,10316,2025-08-29,1246.69,paid
2849,238,10316,2025-09-29,1246.69,paid
2850,238,10316,2025-10-29,1246.69,paid
2851,238,10316,2025-11-29,1246.69,paid
2852,238,10316,2025-12-29,1246.69,paid
2853,238,10316,2026-01-29,1246.69,paid
2854,238,10316,2026-02-28,1246.69,paid
2855,238,10316,2026-03-29,1246.69,paid
2856,238,10316,2026-04-29,1246.69,paid
2857,239,10319,2026-01-07,975.13,paid
2858,239,10319,2026-02-07,975.13,paid
2859,239,10319,2026-03-07,975.13,paid
2860,239,10319,2026-04-07,975.13,paid
2861,239,10319,2026-05-07,975.13,paid
2862,239,10319,2026-06-07,975.13,paid
2863,239,10319,2026-07-07,975.13,paid
2864,239,10319,2026-08-07,975.13,paid
2865,239,10319,2026-09-07,975.13,paid
2866,239,10319,2026-10-07,975.13,paid
2867,239,10319,2026-11-07,975.13,paid
2868,239,10319,2026-12-07,975.13,paid
2869,240,10320,2025-11-26,12807.7,paid
2870,240,10320,2025-12-26,12807.7,paid
2871,240,10320,2026-01-26,12807.7,paid
2872,240,10320,2026-02-26,12807.7,paid
2873,240,10320,2026-03-26,12807.7,paid
2874,240,10320,2026-04-26,12807.7,paid
2875,240,10320,2026-05-26,12807.7,paid
2876,240,10320,2026-06-26,12807.7,failed
2877,240,10320,2026-07-26,12807.7,paid
2878,240,10320,2026-08-26,12807.7,paid
2879,240,10320,2026-09-26,12807.7,paid
2880,240,10320,2026-10-26,12807.7,paid
2881,241,10321,2025-03-09,14996.32,paid
2882,241,10321,2025-04-09,14996.32,paid
2883,241,10321,2025-05-09,14996.32,paid
2884,241,10321,2025-06-09,14996.32,paid
2885,241,10321,2025-07-09,14996.32,paid
2886,241,10321,2025-08-09,14996.32,paid
2887,241,10321,2025-09-09,14996.32,paid
2888,241,10321,2025-10-09,14996.32,paid
2889,241,10321,2025-11-09,14996.32,paid
2890,241,10321,2025-12-09,14996.32,paid
2891,241,10321,2026-01-09,14996.32,paid
2892,241,10321,2026-02-09,14996.32,paid
2893,242,10322,2025-06-09,2957.32,paid
2894,242,10322,2025-07-09,2957.32,paid
2895,242,10322,2025-08-09,2957.32,paid
2896,242,10322,2025-09-09,2957.32,paid
2897,242,10322,2025-10-09,2957.32,paid
2898,242,10322,2025-11-09,2957.32,paid
2899,242,10322,2025-12-09,2957.32,paid
2900,242,10322,2026-01-09,2957.32,paid
2901,242,10322,2026-02-09,2957.32,paid
2902,242,10322,2026-03-09,2957.32,paid
2903,242,10322,2026-04-09,2957.32,paid
2904,242,10322,2026-05-09,2957.32,paid
2905,243,10323,2025-10-22,940.06,paid
2906,243,10323,2025-11-22,940.06,paid
2907,243,10323,2025-12-22,940.06,paid
2908,243,10323,2026-01-22,940.06,paid
2909,243,10323,2026-02-22,940.06,failed
2910,243,10323,2026-03-22,940.06,paid
2911,243,10323,2026-04-22,940.06,paid
2912,243,10323,2026-05-22,940.06,paid
2913,243,10323,2026-06-22,940.06,paid
2914,243,10323,2026-07-22,940.06,paid
2915,243,10323,2026-08-22,940.06,paid
2916,243,10323,2026-09-22,940.06,paid
2917,244,10324,2025-02-25,2680.72,paid
2918,244,10324,2025-03-25,2680.72,paid
2919,244,10324,2025-04-25,2680.72,paid
2920,244,10324,2025-05-25,2680.72,paid
2921,244,10324,2025-06-25,2680.72,paid
2922,244,10324,2025-07-25,2680.72,paid
2923,244,10324,2025-08-25,2680.72,paid
2924,244,10324,2025-09-25,2680.72,paid
2925,244,10324,2025-10-25,2680.72,paid
2926,244,10324,2025-11-25,2680.72,paid
2927,244,10324,2025-12-25,2680.72,paid
2928,244,10324,2026-01-25,2680.72,paid
2929,245,10327,2025-11-30,13861.68,paid
2930,245,10327,2025-12-30,13861.68,paid
2931,245,10327,2026-01-30,13861.68,paid
2932,245,10327,2026-02-28,13861.68,paid
2933,245,10327,2026-03-30,13861.68,paid
2934,245,10327,2026-04-30,13861.68,paid
2935,245,10327,2026-05-30,13861.68,paid
2936,245,10327,2026-06-30,13861.68,paid
2937,245,10327,2026-07-30,13861.68,paid
2938,245,10327,2026-08-30,13861.68,paid
2939,245,10327,2026-09-30,13861.68,paid
2940,245,10327,2026-10-30,13861.68,paid
2941,246,10328,2025-02-09,5071.95,paid
2942,246,10328,2025-03-09,5071.95,paid
2943,246,10328,2025-04-09,5071.95,paid
2944,246,10328,2025-05-09,5071.95,paid
2945,246,10328,2025-06-09,5071.95,paid
2946,246,10328,2025-07-09,5071.95,paid
2947,246,10328,2025-08-09,5071.95,paid
2948,246,10328,2025-09-09,5071.95,paid
2949,246,10328,2025-10-09,5071.95,paid
2950,246,10328,2025-11-09,5071.95,paid
2951,246,10328,2025-12-09,5071.95,paid
2952,246,10328,2026-01-09,5071.95,failed
2953,247,10329,2025-04-10,4167.27,paid
2954,247,10329,2025-05-10,4167.27,paid
2955,247,10329,2025-06-10,4167.27,paid
2956,247,10329,2025-07-10,4167.27,paid
2957,247,10329,2025-08-10,4167.27,paid
2958,247,10329,2025-09-10,4167.27,paid
2959,247,10329,2025-10-10,4167.27,paid
2960,247,10329,2025-11-10,4167.27,paid
2961,247,10329,2025-12-10,4167.27,paid
2962,247,10329,2026-01-10,4167.27,paid
2963,247,10329,2026-02-10,4167.27,paid
2964,247,10329,2026-03-10,4167.27,paid
2965,248,10330,2025-12-26,1122.05,paid
2966,248,10330,2026-01-26,1122.05,paid
2967,248,10330,2026-02-26,1122.05,paid
2968,248,10330,2026-03-26,1122.05,paid
2969,248,10330,2026-04-26,1122.05,paid
2970,248,10330,2026-05-26,1122.05,paid
2971,248,10330,2026-06-26,1122.05,paid
2972,248,10330,2026-07-26,1122.05,paid
2973,248,10330,2026-08-26,1122.05,paid
2974,248,10330,2026-09-26,1122.05,paid
2975,248,10330,2026-10-26,-25.0,paid
2976,248,10330,2026-11-26,1122.05,paid
2977,249,10331,2025-10-07,4430.22,paid
2978,249,10331,2025-11-07,4430.22,paid
2979,249,10331,2025-12-07,4430.22,paid
2980,249,10331,2026-01-07,4430.22,paid
2981,249,10331,2026-02-07,4430.22,paid
2982,249,10331,2026-03-07,4430.22,paid
2983,249,10331,2026-04-07,4430.22,paid
2984,249,10331,2026-05-07,4430.22,paid
2985,249,10331,2026-06-07,4430.22,paid
2986,249,10331,2026-07-07,4430.22,paid
2987,249,10331,2026-08-07,4430.22,paid
2988,249,10331,2026-09-07,4430.22,paid
2989,250,10332,2025-08-25,804.88,paid
2990,250,10332,2025-09-25,804.88,paid
2991,250,10332,2025-10-25,804.88,paid
2992,250,10332,2025-11-25,804.88,paid
2993,250,10332,2025-12-25,-25.0,paid
2994,250,10332,2026-01-25,804.88,paid
2995,250,10332,2026-02-25,804.88,paid
2996,250,10332,2026-03-25,804.88,paid
2997,250,10332,2026-04-25,804.88,paid
2998,250,10332,2026-05-25,804.88,paid
2999,250,10332,2026-06-25,804.88,paid
3000,250,10332,2026-07-25,804.88,paid
3001,251,10333,2025-07-05,4366.64,paid
3002,251,10333,2025-08-05,4366.64,paid
3003,251,10333,2025-09-05,4366.64,paid
3004,251,10333,2025-10-05,4366.64,paid
3005,251,10333,2025-11-05,4366.64,paid
3006,251,10333,2025-12-05,4366.64,paid
3007,251,10333,2026-01-05,4366.64,paid
3008,251,10333,2026-02-05,4366.64,paid
3009,251,10333,2026-03-05,4366.64,paid
3010,251,10333,2026-04-05,4366.64,paid
3011,251,10333,2026-05-05,4366.64,paid
3012,251,10333,2026-06-05,4366.64,paid
3013,252,10334,2025-05-21,14509.45,paid
3014,252,10334,2025-06-21,14509.45,paid
3015,252,10334,2025-07-21,14509.45,failed
3016,252,10334,2025-08-21,14509.45,paid
3017,252,10334,2025-09-21,14509.45,paid
3018,252,10334,2025-10-21,14509.45,paid
3019,252,10334,2025-11-21,14509.45,paid
3020,252,10334,2025-12-21,14509.45,paid
3021,252,10334,2026-01-21,14509.45,paid
3022,252,10334,2026-02-21,14509.45,paid
3023,252,10334,2026-03-21,14509.45,paid
3024,252,10334,2026-04-21,14509.45,paid
3025,253,10335,2025-04-03,736.11,paid
3026,253,10335,2025-05-03,736.11,paid
3027,253,10335,2025-06-03,736.11,paid
3028,253,10335,2025-07-03,736.11,paid
3029,253,10335,2025-08-03,736.11,paid
3030,253,10335,2025-09-03,736.11,paid
3031,253,10335,2025-10-03,736.11,paid
3032,253,10335,2025-11-03,736.11,paid
3033,253,10335,2025-12-03,736.11,paid
3034,253,10335,2026-01-03,736.11,paid
3035,253,10335,2026-02-03,736.11,paid
3036,253,10335,2026-03-03,736.11,paid
3037,254,10336,2025-02-08,3242.81,paid
3038,254,10336,2025-03-08,3242.81,paid
3039,254,10336,2025-04-08,3242.81,paid
3040,254,10336,2025-05-08,3242.81,paid
3041,254,10336,2025-06-08,3242.81,paid
3042,254,10336,2025-07-08,3242.81,paid
3043,254,10336,2025-08-08,3242.81,paid
3044,254,10336,2025-09-08,3242.81,paid
3045,254,10336,2025-10-08,3242.81,paid
3046,254,10336,2025-11-08,3242.81,failed
3047,254,10336,2025-12-08,3242.81,paid
3048,254,10336,2026-01-08,3242.81,paid
3049,255,10337,2025-10-08,808.67,paid
3050,255,10337,2025-11-08,808.67,paid
3051,255,10337,2025-12-08,808.67,paid
3052,255,10337,2026-01-08,808.67,paid
3053,255,10337,2026-02-08,808.67,paid
3054,255,10337,2026-03-08,808.67,paid
3055,255,10337,2026-04-08,808.67,paid
3056,255,10337,2026-05-08,808.67,paid
3057,255,10337,2026-06-08,808.67,paid
3058,255,10337,2026-07-08,808.67,paid
3059,255,10337,2026-08-08,808.67,paid
3060,255,10337,2026-09-08,808.67,paid
3061,256,10338,2025-02-07,3238.2,paid
3062,256,10338,2025-03-07,3238.2,paid
3063,256,10338,2025-04-07,3238.2,paid
3064,256,10338,2025-05-07,3238.2,paid
3065,256,10338,2025-06-07,3238.2,paid
3066,256,10338,2025-07-07,3238.2,paid
3067,256,10338,2025-08-07,3238.2,paid
3068,256,10338,2025-09-07,3238.2,paid
3069,256,10338,2025-10-07,3238.2,paid
3070,256,10338,2025-11-07,3238.2,paid
3071,256,10338,2025-12-07,3238.2,paid
3072,256,10338,2026-01-07,3238.2,paid
3073,257,10339,2025-12-11,995.65,paid
3074,257,10339,2026-01-11,995.65,paid
3075,257,10339,2026-02-11,995.65,paid
3076,257,10339,2026-03-11,995.65,paid
3077,257,10339,2026-04-11,995.65,paid
3078,257,10339,2026-05-11,995.65,paid
3079,257,10339,2026-06-11,995.65,paid
3080,257,10339,2026-07-11,995.65,paid
3081,257,10339,2026-08-11,995.65,paid
3082,257,10339,2026-09-11,995.65,paid
3083,257,10339,2026-10-11,995.65,paid
3084,257,10339,2026-11-11,995.65,paid
3085,258,10343,2025-04-06,10150.35,paid
3086,258,10343,2025-05-06,10150.35,paid
3087,258,10343,2025-06-06,10150.35,paid
3088,258,10343,2025-07-06,10150.35,paid
3089,258,10343,2025-08-06,10150.35,paid
3090,258,10343,2025-09-06,10150.35,paid
3091,258,10343,2025-10-06,10150.35,paid
3092,258,10343,2025-11-06,10150.35,paid
3093,258,10343,2025-12-06,10150.35,paid
3094,258,10343,2026-01-06,10150.35,paid
3095,258,10343,2026-02-06,10150.35,paid
3096,258,10343,2026-03-06,10150.35,paid
3097,259,10344,2025-10-10,2877.57,failed
3098,259,10344,2025-11-10,2877.57,paid
3099,259,10344,2025-12-10,2877.57,paid
3100,259,10344,2026-01-10,2877.57,paid
3101,259,10344,2026-02-10,2877.57,paid
3102,259,10344,2026-03-10,2877.57,paid
3103,259,10344,2026-04-10,2877.57,paid
3104,259,10344,2026-05-10,2877.57,paid
3105,259,10344,2026-06-10,2877.57,paid
3106,259,10344,2026-07-10,2877.57,paid
3107,259,10344,2026-08-10,2877.57,paid
3108,259,10344,2026-09-10,2877.57,paid
3109,260,10345,2025-03-26,4611.37,paid
3110,260,10345,2025-04-26,4611.37,paid
3111,260,10345,2025-05-26,4611.37,paid
3112,260,10345,2025-06-26,4611.37,paid
3113,260,10345,2025-07-26,4611.37,paid
3114,260,10345,2025-08-26,4611.37,paid
3115,260,10345,2025-09-26,4611.37,paid
3116,260,10345,2025-10-26,4611.37,paid
3117,260,10345,2025-11-26,4611.37,paid
3118,260,10345,2025-12-26,4611.37,paid
3119,260,10345,2026-01-26,4611.37,paid
3120,260,10345,2026-02-26,4611.37,paid
3121,261,10346,2025-04-28,4372.15,paid
3122,261,10346,2025-05-28,4372.15,paid
3123,261,10346,2025-06-28,4372.15,paid
3124,261,10346,2025-07-28,4372.15,paid
3125,261,10346,2025-08-28,4372.15,paid
3126,261,10346,2025-09-28,4372.15,paid
3127,261,10346,2025-10-28,4372.15,paid
3128,261,10346,2025-11-28,4372.15,paid
3129,261,10346,2025-12-28,4372.15,paid
3130,261,10346,2026-01-28,4372.15,paid
3131,261,10346,2026-02-28,4372.15,paid
3132,261,10346,2026-03-28,4372.15,paid
3133,262,10349,2025-02-25,3833.6,paid
3134,262,10349,2025-03-25,3833.6,paid
3135,262,10349,2025-04-25,3833.6,paid
3136,262,10349,2025-05-25,3833.6,paid
3137,262,10349,2025-06-25,3833.6,paid
3138,262,10349,2025-07-25,3833.6,paid
3139,262,10349,2025-08-25,3833.6,paid
3140,262,10349,2025-09-25,3833.6,paid
3141,262,10349,2025-10-25,3833.6,paid
3142,262,10349,2025-11-25,3833.6,paid
3143,262,10349,2025-12-25,3833.6,paid
3144,262,10349,2026-01-25,3833.6,paid
3145,263,10350,2025-09-17,1007.66,paid
3146,263,10350,2025-10-17,1007.66,paid
3147,263,10350,2025-11-17,1007.66,paid
3148,263,10350,2025-12-17,1007.66,paid
3149,263,10350,2026-01-17,1007.66,paid
3150,263,10350,2026-02-17,1007.66,paid
3151,263,10350,2026-03-17,1007.66,paid
3152,263,10350,2026-04-17,1007.66,failed
3153,263,10350,2026-05-17,1007.66,paid
3154,263,10350,2026-06-17,1007.66,paid
3155,263,10350,2026-07-17,1007.66,paid
3156,263,10350,2026-08-17,1007.66,paid
3157,264,10351,2026-02-18,4419.63,paid
3158,264,10351,2026-03-18,4419.63,paid
3159,264,10351,2026-04-18,4419.63,paid
3160,264,10351,2026-05-18,4419.63,paid
3161,264,10351,2026-06-18,4419.63,paid
3162,264,10351,2026-07-18,4419.63,paid
3163,264,10351,2026-08-18,4419.63,paid
3164,264,10351,2026-09-18,4419.63,paid
3165,264,10351,2026-10-18,4419.63,paid
3166,264,10351,2026-11-18,4419.63,paid
3167,264,10351,2026-12-18,4419.63,paid
3168,264,10351,2027-01-18,4419.63,paid
3169,265,10353,2025-06-04,4204.76,paid
3170,265,10353,2025-07-04,4204.76,paid
3171,265,10353,2025-08-04,4204.76,paid
3172,265,10353,2025-09-04,4204.76,paid
3173,265,10353,2025-10-04,4204.76,paid
3174,265,10353,2025-11-04,4204.76,paid
3175,265,10353,2025-12-04,4204.76,paid
3176,265,10353,2026-01-04,4204.76,paid
3177,265,10353,2026-02-04,4204.76,paid
3178,265,10353,2026-03-04,4204.76,paid
3179,265,10353,2026-04-04,4204.76,paid
3180,265,10353,2026-05-04,4204.76,paid
3181,266,10354,2025-02-10,3115.51,paid
3182,266,10354,2025-03-10,3115.51,paid
3183,266,10354,2025-04-10,3115.51,paid
3184,266,10354,2025-05-10,3115.51,paid
3185,266,10354,2025-06-10,3115.51,paid
3186,266,10354,2025-07-10,3115.51,paid
3187,266,10354,2025-08-10,3115.51,paid
3188,266,10354,2025-09-10,3115.51,paid
3189,266,10354,2025-10-10,3115.51,paid
3190,266,10354,2025-11-10,3115.51,paid
3191,266,10354,2025-12-10,3115.51,paid
3192,266,10354,2026-01-10,3115.51,paid
3193,267,10356,2025-09-19,4485.81,paid
3194,267,10356,2025-10-19,4485.81,paid
3195,267,10356,2025-11-19,4485.81,paid
3196,267,10356,2025-12-19,4485.81,paid
3197,267,10356,2026-01-19,4485.81,paid
3198,267,10356,2026-02-19,4485.81,paid
3199,267,10356,2026-03-19,4485.81,paid
3200,267,10356,2026-04-19,4485.81,paid
3201,267,10356,2026-05-19,4485.81,paid
3202,267,10356,2026-06-19,4485.81,paid
3203,267,10356,2026-07-19,4485.81,paid
3204,267,10356,2026-08-19,4485.81,paid
3205,268,10357,2025-05-13,2892.7,paid
3206,268,10357,2025-06-13,2892.7,paid
3207,268,10357,2025-07-13,2892.7,paid
3208,268,10357,2025-08-13,2892.7,paid
3209,268,10357,2025-09-13,2892.7,failed
3210,268,10357,2025-10-13,2892.7,paid
3211,268,10357,2025-11-13,2892.7,paid
3212,268,10357,2025-12-13,2892.7,paid
3213,268,10357,2026-01-13,2892.7,failed
3214,268,10357,2026-02-13,2892.7,paid
3215,268,10357,2026-03-13,2892.7,paid
3216,268,10357,2026-04-13,2892.7,paid
3217,269,10358,2025-09-19,2997.99,paid
3218,269,10358,2025-10-19,2997.99,paid
3219,269,10358,2025-11-19,2997.99,paid
3220,269,10358,2025-12-19,2997.99,paid
3221,269,10358,2026-01-19,2997.99,paid
3222,269,10358,2026-02-19,2997.99,paid
3223,269,10358,2026-03-19,2997.99,paid
3224,269,10358,2026-04-19,2997.99,paid
3225,269,10358,2026-05-19,2997.99,paid
3226,269,10358,2026-06-19,2997.99,paid
3227,269,10358,2026-07-19,2997.99,paid
3228,269,10358,2026-08-19,2997.99,paid
3229,270,10359,2025-02-03,5020.84,paid
3230,270,10359,2025-03-03,5020.84,paid
3231,270,10359,2025-04-03,5020.84,paid
3232,270,10359,2025-05-03,5020.84,paid
3233,270,10359,2025-06-03,5020.84,paid
3234,270,10359,2025-07-03,5020.84,paid
3235,270,10359,2025-08-03,5020.84,paid
3236,270,10359,2025-09-03,5020.84,paid
3237,270,10359,2025-10-03,5020.84,paid
3238,270,10359,2025-11-03,5020.84,paid
3239,270,10359,2025-12-03,5020.84,failed
3240,270,10359,2026-01-03,5020.84,paid
3241,271,10360,2025-05-20,3273.31,paid
3242,271,10360,2025-06-20,3273.31,paid
3243,271,10360,2025-07-20,3273.31,failed
3244,271,10360,2025-08-20,3273.31,paid
3245,271,10360,2025-09-20,3273.31,paid
3246,271,10360,2025-10-20,3273.31,paid
3247,271,10360,2025-11-20,3273.31,paid
3248,271,10360,2025-12-20,3273.31,paid
3249,271,10360,2026-01-20,3273.31,paid
3250,271,10360,2026-02-20,3273.31,paid
3251,271,10360,2026-03-20,3273.31,paid
3252,271,10360,2026-04-20,3273.31,paid
3253,272,10362,2025-11-02,1267.12,paid
3254,272,10362,2025-12-02,1267.12,paid
3255,272,10362,2026-01-02,1267.12,paid
3256,272,10362,2026-02-02,1267.12,paid
3257,272,10362,2026-03-02,1267.12,paid
3258,272,10362,2026-04-02,1267.12,failed
3259,272,10362,2026-05-02,1267.12,paid
3260,272,10362,2026-06-02,1267.12,paid
3261,272,10362,2026-07-02,1267.12,paid
3262,272,10362,2026-08-02,1267.12,paid
3263,272,10362,2026-09-02,1267.12,paid
3264,272,10362,2026-10-02,1267.12,paid
3265,273,10363,2025-05-27,1080.33,paid
3266,273,10363,2025-06-27,1080.33,paid
3267,273,10363,2025-07-27,1080.33,paid
3268,273,10363,2025-08-27,1080.33,paid
3269,273,10363,2025-09-27,1080.33,paid
3270,273,10363,2025-10-27,1080.33,paid
3271,273,10363,2025-11-27,1080.33,paid
3272,273,10363,2025-12-27,1080.33,paid
3273,273,10363,2026-01-27,1080.33,paid
3274,273,10363,2026-02-27,1080.33,failed
3275,273,10363,2026-03-27,1080.33,paid
3276,273,10363,2026-04-27,1080.33,paid
3277,274,10364,2025-02-21,1147.23,paid
3278,274,10364,2025-03-21,1147.23,paid
3279,274,10364,2025-04-21,1147.23,paid
3280,274,10364,2025-05-21,1147.23,paid
3281,274,10364,2025-06-21,1147.23,paid
3282,274,10364,2025-07-21,1147.23,paid
3283,274,10364,2025-08-21,1147.23,paid
3284,274,10364,2025-09-21,1147.23,paid
3285,274,10364,2025-10-21,1147.23,paid
3286,274,10364,2025-11-21,1147.23,paid
3287,274,10364,2025-12-21,1147.23,paid
3288,274,10364,2026-01-21,1147.23,paid
3289,275,10365,2025-08-24,3541.12,paid
3290,275,10365,2025-09-24,3541.12,paid
3291,275,10365,2025-10-24,3541.12,paid
3292,275,10365,2025-11-24,3541.12,paid
3293,275,10365,2025-12-24,3541.12,paid
3294,275,10365,2026-01-24,3541.12,paid
3295,275,10365,2026-02-24,3541.12,paid
3296,275,10365,2026-03-24,3541.12,paid
3297,275,10365,2026-04-24,3541.12,paid
3298,275,10365,2026-05-24,3541.12,paid
3299,275,10365,2026-06-24,3541.12,paid
3300,275,10365,2026-07-24,3541.12,paid
3301,276,10368,2025-03-15,3173.06,paid
3302,276,10368,2025-04-15,3173.06,paid
3303,276,10368,2025-05-15,3173.06,paid
3304,276,10368,2025-06-15,3173.06,paid
3305,276,10368,2025-07-15,3173.06,paid
3306,276,10368,2025-08-15,3173.06,paid
3307,276,10368,2025-09-15,3173.06,paid
3308,276,10368,2025-10-15,3173.06,paid
3309,276,10368,2025-11-15,3173.06,paid
3310,276,10368,2025-12-15,3173.06,paid
3311,276,10368,2026-01-15,3173.06,paid
3312,276,10368,2026-02-15,3173.06,failed
3313,277,10369,2025-08-21,855.65,paid
3314,277,10369,2025-09-21,855.65,failed
3315,277,10369,2025-10-21,855.65,paid
3316,277,10369,2025-11-21,855.65,paid
3317,277,10369,2025-12-21,855.65,paid
3318,277,10369,2026-01-21,855.65,paid
3319,277,10369,2026-02-21,855.65,paid
3320,277,10369,2026-03-21,855.65,paid
3321,277,10369,2026-04-21,855.65,failed
3322,277,10369,2026-05-21,855.65,paid
3323,277,10369,2026-06-21,855.65,paid
3324,277,10369,2026-07-21,855.65,paid
3325,278,10372,2025-02-23,915.38,paid
3326,278,10372,2025-03-23,915.38,paid
3327,278,10372,2025-04-23,915.38,paid
3328,278,10372,2025-05-23,915.38,paid
3329,278,10372,2025-06-23,915.38,failed
3330,278,10372,2025-07-23,915.38,failed
3331,278,10372,2025-08-23,915.38,paid
3332,278,10372,2025-09-23,915.38,paid
3333,278,10372,2025-10-23,915.38,paid
3334,278,10372,2025-11-23,915.38,paid
3335,278,10372,2025-12-23,915.38,paid
3336,278,10372,2026-01-23,915.38,paid
3337,279,10373,2025-08-02,918.09,paid
3338,279,10373,2025-09-02,918.09,paid
3339,279,10373,2025-10-02,918.09,paid
3340,279,10373,2025-11-02,918.09,paid
3341,279,10373,2025-12-02,918.09,paid
3342,279,10373,2026-01-02,918.09,paid
3343,279,10373,2026-02-02,918.09,paid
3344,279,10373,2026-03-02,918.09,paid
3345,279,10373,2026-04-02,918.09,paid
3346,279,10373,2026-05-02,918.09,failed
3347,279,10373,2026-06-02,918.09,paid
3348,279,10373,2026-07-02,918.09,paid
3349,280,10375,2025-02-19,1210.84,paid
3350,280,10375,2025-03-19,1210.84,paid
3351,280,10375,2025-04-19,1210.84,paid
3352,280,10375,2025-05-19,1210.84,paid
3353,280,10375,2025-06-19,1210.84,paid
3354,280,10375,2025-07-19,1210.84,paid
3355,280,10375,2025-08-19,1210.84,paid
3356,280,10375,2025-09-19,1210.84,paid
3357,280,10375,2025-10-19,1210.84,paid
3358,280,10375,2025-11-19,1210.84,paid
3359,280,10375,2025-12-19,1210.84,paid
3360,280,10375,2026-01-19,1210.84,paid
3361,281,10376,2025-09-25,1114.86,paid
3362,281,10376,2025-10-25,1114.86,paid
3363,281,10376,2025-11-25,1114.86,paid
3364,281,10376,2025-12-25,1114.86,paid
3365,281,10376,2026-01-25,1114.86,paid
3366,281,10376,2026-02-25,1114.86,paid
3367,281,10376,2026-03-25,1114.86,paid
3368,281,10376,2026-04-25,1114.86,paid
3369,281,10376,2026-05-25,1114.86,paid
3370,281,10376,2026-06-25,1114.86,paid
3371,281,10376,2026-07-25,1114.86,paid
3372,281,10376,2026-08-25,1114.86,paid
3373,282,10377,2025-06-21,13080.89,failed
3374,282,10377,2025-07-21,13080.89,paid
3375,282,10377,2025-08-21,13080.89,paid
3376,282,10377,2025-09-21,13080.89,paid
3377,282,10377,2025-10-21,13080.89,paid
3378,282,10377,2025-11-21,13080.89,paid
3379,282,10377,2025-12-21,13080.89,paid
3380,282,10377,2026-01-21,13080.89,paid
3381,282,10377,2026-02-21,13080.89,paid
3382,282,10377,2026-03-21,13080.89,paid
3383,282,10377,2026-04-21,13080.89,paid
3384,282,10377,2026-05-21,13080.89,paid
3385,283,10380,2025-05-20,3054.45,paid
3386,283,10380,2025-06-20,3054.45,paid
3387,283,10380,2025-07-20,3054.45,paid
3388,283,10380,2025-08-20,3054.45,paid
3389,283,10380,2025-09-20,3054.45,paid
3390,283,10380,2025-10-20,3054.45,paid
3391,283,10380,2025-11-20,3054.45,paid
3392,283,10380,2025-12-20,3054.45,paid
3393,283,10380,2026-01-20,3054.45,paid
3394,283,10380,2026-02-20,3054.45,paid
3395,283,10380,2026-03-20,3054.45,paid
3396,283,10380,2026-04-20,3054.45,paid
3397,284,10381,2025-06-18,2650.93,paid
3398,284,10381,2025-07-18,2650.93,paid
3399,284,10381,2025-08-18,2650.93,paid
3400,284,10381,2025-09-18,2650.93,paid
3401,284,10381,2025-10-18,2650.93,paid
3402,284,10381,2025-11-18,2650.93,paid
3403,284,10381,2025-12-18,2650.93,paid
3404,284,10381,2026-01-18,2650.93,paid
3405,284,10381,2026-02-18,2650.93,paid
3406,284,10381,2026-03-18,2650.93,paid
3407,284,10381,2026-04-18,2650.93,paid
3408,284,10381,2026-05-18,2650.93,paid
3409,285,10382,2025-02-10,15574.75,paid
3410,285,10382,2025-03-10,15574.75,paid
3411,285,10382,2025-04-10,15574.75,paid
3412,285,10382,2025-05-10,15574.75,paid
3413,285,10382,2025-06-10,15574.75,paid
3414,285,10382,2025-07-10,15574.75,paid
3415,285,10382,2025-08-10,15574.75,paid
3416,285,10382,2025-09-10,15574.75,paid
3417,285,10382,2025-10-10,15574.75,paid
3418,285,10382,2025-11-10,15574.75,paid
3419,285,10382,2025-12-10,15574.75,paid
3420,285,10382,2026-01-10,15574.75,paid
3421,286,10383,2025-09-02,4808.65,paid
3422,286,10383,2025-10-02,4808.65,paid
3423,286,10383,2025-11-02,4808.65,paid
3424,286,10383,2025-12-02,4808.65,paid
3425,286,10383,2026-01-02,4808.65,paid
3426,286,10383,2026-02-02,4808.65,paid
3427,286,10383,2026-03-02,4808.65,paid
3428,286,10383,2026-04-02,4808.65,paid
3429,286,10383,2026-05-02,4808.65,paid
3430,286,10383,2026-06-02,4808.65,paid
3431,286,10383,2026-07-02,4808.65,paid
3432,286,10383,2026-08-02,4808.65,paid
3433,287,10384,2025-02-28,3848.41,paid
3434,287,10384,2025-03-29,3848.41,paid
3435,287,10384,2025-04-29,3848.41,paid
3436,287,10384,2025-05-29,3848.41,paid
3437,287,10384,2025-06-29,3848.41,paid
3438,287,10384,2025-07-29,3848.41,paid
3439,287,10384,2025-08-29,3848.41,paid
3440,287,10384,2025-09-29,3848.41,paid
3441,287,10384,2025-10-29,3848.41,paid
3442,287,10384,2025-11-29,3848.41,paid
3443,287,10384,2025-12-29,3848.41,paid
3444,287,10384,2026-01-29,3848.41,paid
3445,288,10385,2025-04-21,1190.94,paid
3446,288,10385,2025-05-21,1190.94,paid
3447,288,10385,2025-06-21,1190.94,failed
3448,288,10385,2025-07-21,1190.94,paid
3449,288,10385,2025-08-21,1190.94,paid
3450,288,10385,2025-09-21,1190.94,paid
3451,288,10385,2025-10-21,1190.94,paid
3452,288,10385,2025-11-21,1190.94,paid
3453,288,10385,2025-12-21,1190.94,paid
3454,288,10385,2026-01-21,1190.94,paid
3455,288,10385,2026-02-21,1190.94,paid
3456,288,10385,2026-03-21,1190.94,paid
3457,289,10386,2025-05-05,13396.98,paid
3458,289,10386,2025-06-05,13396.98,paid
3459,289,10386,2025-07-05,13396.98,paid
3460,289,10386,2025-08-05,13396.98,failed
3461,289,10386,2025-09-05,13396.98,failed
3462,289,10386,2025-10-05,13396.98,paid
3463,289,10386,2025-11-05,13396.98,paid
3464,289,10386,2025-12-05,13396.98,paid
3465,289,10386,2026-01-05,13396.98,paid
3466,289,10386,2026-02-05,13396.98,paid
3467,289,10386,2026-03-05,13396.98,paid
3468,289,10386,2026-04-05,13396.98,paid
3469,290,10387,2025-10-16,3449.92,paid
3470,290,10387,2025-11-16,3449.92,paid
3471,290,10387,2025-12-16,3449.92,paid
3472,290,10387,2026-01-16,3449.92,paid
3473,290,10387,2026-02-16,3449.92,paid
3474,290,10387,2026-03-16,3449.92,paid
3475,290,10387,2026-04-16,3449.92,failed
3476,290,10387,2026-05-16,3449.92,paid
3477,290,10387,2026-06-16,3449.92,paid
3478,290,10387,2026-07-16,3449.92,paid
3479,290,10387,2026-08-16,3449.92,paid
3480,290,10387,2026-09-16,3449.92,paid
3481,291,10388,2025-10-08,16499.63,paid
3482,291,10388,2025-11-08,16499.63,paid
3483,291,10388,2025-12-08,16499.63,paid
3484,291,10388,2026-01-08,16499.63,paid
3485,291,10388,2026-02-08,16499.63,paid
3486,291,10388,2026-03-08,16499.63,paid
3487,291,10388,2026-04-08,16499.63,paid
3488,291,10388,2026-05-08,16499.63,paid
3489,291,10388,2026-06-08,16499.63,paid
3490,291,10388,2026-07-08,16499.63,paid
3491,291,10388,2026-08-08,16499.63,paid
3492,291,10388,2026-09-08,16499.63,paid
3493,292,10390,2025-06-13,15598.33,paid
3494,292,10390,2025-07-13,15598.33,paid
3495,292,10390,2025-08-13,15598.33,paid
3496,292,10390,2025-09-13,15598.33,paid
3497,292,10390,2025-10-13,15598.33,paid
3498,292,10390,2025-11-13,15598.33,paid
3499,292,10390,2025-12-13,15598.33,paid
3500,292,10390,2026-01-13,15598.33,paid
3501,292,10390,2026-02-13,15598.33,paid
3502,292,10390,2026-03-13,15598.33,paid
3503,292,10390,2026-04-13,15598.33,paid
3504,292,10390,2026-05-13,15598.33,paid
3505,293,10391,2026-01-20,4916.36,paid
3506,293,10391,2026-02-20,4916.36,paid
3507,293,10391,2026-03-20,4916.36,paid
3508,293,10391,2026-04-20,4916.36,paid
3509,293,10391,2026-05-20,4916.36,paid
3510,293,10391,2026-06-20,4916.36,paid
3511,293,10391,2026-07-20,4916.36,paid
3512,293,10391,2026-08-20,4916.36,paid
3513,293,10391,2026-09-20,4916.36,paid
3514,293,10391,2026-10-20,4916.36,paid
3515,293,10391,2026-11-20,4916.36,paid
3516,293,10391,2026-12-20,4916.36,paid
3517,294,10393,2025-03-10,4779.24,paid
3518,294,10393,2025-04-10,4779.24,paid
3519,294,10393,2025-05-10,4779.24,paid
3520,294,10393,2025-06-10,4779.24,paid
3521,294,10393,2025-07-10,4779.24,paid
3522,294,10393,2025-08-10,4779.24,paid
3523,294,10393,2025-09-10,4779.24,paid
3524,294,10393,2025-10-10,4779.24,paid
3525,294,10393,2025-11-10,4779.24,paid
3526,294,10393,2025-12-10,4779.24,paid
3527,294,10393,2026-01-10,4779.24,paid
3528,294,10393,2026-02-10,4779.24,failed
3529,295,10396,2025-06-13,3848.7,paid
3530,295,10396,2025-07-13,3848.7,paid
3531,295,10396,2025-08-13,3848.7,paid
3532,295,10396,2025-09-13,3848.7,paid
3533,295,10396,2025-10-13,3848.7,paid
3534,295,10396,2025-11-13,3848.7,paid
3535,295,10396,2025-12-13,3848.7,paid
3536,295,10396,2026-01-13,3848.7,failed
3537,295,10396,2026-02-13,3848.7,failed
3538,295,10396,2026-03-13,3848.7,paid
3539,295,10396,2026-04-13,3848.7,paid
3540,295,10396,2026-05-13,3848.7,paid
3541,296,10397,2025-10-01,10888.88,failed
3542,296,10397,2025-11-01,10888.88,paid
3543,296,10397,2025-12-01,10888.88,paid
3544,296,10397,2026-01-01,10888.88,paid
3545,296,10397,2026-02-01,10888.88,paid
3546,296,10397,2026-03-01,10888.88,paid
3547,296,10397,2026-04-01,10888.88,paid
3548,296,10397,2026-05-01,10888.88,paid
3549,296,10397,2026-06-01,10888.88,paid
3550,296,10397,2026-07-01,10888.88,paid
3551,296,10397,2026-08-01,10888.88,paid
3552,296,10397,2026-09-01,10888.88,paid
3553,297,10398,2025-05-27,814.03,paid
3554,297,10398,2025-06-27,814.03,paid
3555,297,10398,2025-07-27,814.03,paid
3556,297,10398,2025-08-27,814.03,paid
3557,297,10398,2025-09-27,814.03,paid
3558,297,10398,2025-10-27,814.03,paid
3559,297,10398,2025-11-27,814.03,paid
3560,297,10398,2025-12-27,814.03,paid
3561,297,10398,2026-01-27,814.03,paid
3562,297,10398,2026-02-27,814.03,paid
3563,297,10398,2026-03-27,814.03,paid
3564,297,10398,2026-04-27,814.03,paid
3565,298,10399,2025-03-11,2949.12,paid
3566,298,10399,2025-04-11,2949.12,paid
3567,298,10399,2025-05-11,2949.12,paid
3568,298,10399,2025-06-11,2949.12,paid
3569,298,10399,2025-07-11,2949.12,paid
3570,298,10399,2025-08-11,2949.12,paid
3571,298,10399,2025-09-11,-25.0,paid
3572,298,10399,2025-10-11,2949.12,paid
3573,298,10399,2025-11-11,2949.12,paid
3574,298,10399,2025-12-11,2949.12,paid
3575,298,10399,2026-01-11,2949.12,paid
3576,298,10399,2026-02-11,2949.12,paid
3577,299,10400,2025-11-21,4243.02,paid
3578,299,10400,2025-12-21,4243.02,paid
3579,299,10400,2026-01-21,4243.02,paid
3580,299,10400,2026-02-21,4243.02,paid
3581,299,10400,2026-03-21,4243.02,paid
3582,299,10400,2026-04-21,4243.02,paid
3583,299,10400,2026-05-21,4243.02,paid
3584,299,10400,2026-06-21,4243.02,paid
3585,299,10400,2026-07-21,4243.02,paid
3586,299,10400,2026-08-21,4243.02,paid
3587,299,10400,2026-09-21,4243.02,paid
3588,299,10400,2026-10-21,4243.02,paid
3589,300,10401,2025-02-15,901.48,paid
3590,300,10401,2025-03-15,901.48,paid
3591,300,10401,2025-04-15,901.48,paid
3592,300,10401,2025-05-15,901.48,paid
3593,300,10401,2025-06-15,901.48,failed
3594,300,10401,2025-07-15,901.48,paid
3595,300,10401,2025-08-15,901.48,paid
3596,300,10401,2025-09-15,901.48,paid
3597,300,10401,2025-10-15,901.48,paid
3598,300,10401,2025-11-15,901.48,paid
3599,300,10401,2025-12-15,901.48,paid
3600,300,10401,2026-01-15,901.48,paid
3601,301,10402,2025-02-20,10166.51,paid
3602,301,10402,2025-03-20,10166.51,paid
3603,301,10402,2025-04-20,10166.51,failed
3604,301,10402,2025-05-20,10166.51,paid
3605,301,10402,2025-06-20,10166.51,paid
3606,301,10402,2025-07-20,10166.51,paid
3607,301,10402,2025-08-20,10166.51,paid
3608,301,10402,2025-09-20,10166.51,paid
3609,301,10402,2025-10-20,10166.51,paid
3610,301,10402,2025-11-20,10166.51,paid
3611,301,10402,2025-12-20,10166.51,paid
3612,301,10402,2026-01-20,10166.51,paid
3613,302,10405,2025-03-19,15810.71,paid
3614,302,10405,2025-04-19,15810.71,failed
3615,302,10405,2025-05-19,15810.71,failed
3616,302,10405,2025-06-19,15810.71,paid
3617,302,10405,2025-07-19,15810.71,paid
3618,302,10405,2025-08-19,15810.71,paid
3619,302,10405,2025-09-19,15810.71,paid
3620,302,10405,2025-10-19,15810.71,paid
3621,302,10405,2025-11-19,15810.71,failed
3622,302,10405,2025-12-19,15810.71,failed
3623,302,10405,2026-01-19,15810.71,paid
3624,302,10405,2026-02-19,15810.71,paid
3625,303,10406,2025-10-23,13540.88,paid
3626,303,10406,2025-11-23,13540.88,paid
3627,303,10406,2025-12-23,13540.88,paid
3628,303,10406,2026-01-23,13540.88,paid
3629,303,10406,2026-02-23,13540.88,paid
3630,303,10406,2026-03-23,13540.88,paid
3631,303,10406,2026-04-23,13540.88,paid
3632,303,10406,2026-05-23,13540.88,paid
3633,303,10406,2026-06-23,13540.88,paid
3634,303,10406,2026-07-23,13540.88,paid
3635,303,10406,2026-08-23,13540.88,paid
3636,303,10406,2026-09-23,13540.88,paid
3637,304,10408,2025-02-01,14093.09,paid
3638,304,10408,2025-03-01,14093.09,paid
3639,304,10408,2025-04-01,14093.09,paid
3640,304,10408,2025-05-01,14093.09,paid
3641,304,10408,2025-06-01,14093.09,paid
3642,304,10408,2025-07-01,14093.09,paid
3643,304,10408,2025-08-01,14093.09,paid
3644,304,10408,2025-09-01,14093.09,paid
3645,304,10408,2025-10-01,14093.09,paid
3646,304,10408,2025-11-01,14093.09,paid
3647,304,10408,2025-12-01,14093.09,paid
3648,304,10408,2026-01-01,14093.09,paid
3649,305,10409,2025-03-12,-25.0,paid
3650,305,10409,2025-04-12,1136.39,paid
3651,305,10409,2025-05-12,1136.39,paid
3652,305,10409,2025-06-12,1136.39,paid
3653,305,10409,2025-07-12,1136.39,paid
3654,305,10409,2025-08-12,1136.39,paid
3655,305,10409,2025-09-12,1136.39,paid
3656,305,10409,2025-10-12,1136.39,paid
3657,305,10409,2025-11-12,1136.39,paid
3658,305,10409,2025-12-12,1136.39,paid
3659,305,10409,2026-01-12,1136.39,paid
3660,305,10409,2026-02-12,1136.39,paid
3661,306,10412,2025-10-22,4949.02,paid
3662,306,10412,2025-11-22,4949.02,paid
3663,306,10412,2025-12-22,4949.02,failed
3664,306,10412,2026-01-22,4949.02,paid
3665,306,10412,2026-02-22,4949.02,paid
3666,306,10412,2026-03-22,4949.02,paid
3667,306,10412,2026-04-22,4949.02,paid
3668,306,10412,2026-05-22,4949.02,paid
3669,306,10412,2026-06-22,4949.02,paid
3670,306,10412,2026-07-22,4949.02,paid
3671,306,10412,2026-08-22,4949.02,paid
3672,306,10412,2026-09-22,4949.02,paid
3673,307,10413,2025-03-16,1117.05,paid
3674,307,10413,2025-04-16,1117.05,paid
3675,307,10413,2025-05-16,1117.05,paid
3676,307,10413,2025-06-16,1117.05,paid
3677,307,10413,2025-07-16,1117.05,paid
3678,307,10413,2025-08-16,1117.05,failed
3679,307,10413,2025-09-16,1117.05,paid
3680,307,10413,2025-10-16,1117.05,failed
3681,307,10413,2025-11-16,1117.05,paid
3682,307,10413,2025-12-16,1117.05,paid
3683,307,10413,2026-01-16,1117.05,paid
3684,307,10413,2026-02-16,1117.05,paid
3685,308,10415,2025-05-14,675.01,paid
3686,308,10415,2025-06-14,675.01,paid
3687,308,10415,2025-07-14,-25.0,paid
3688,308,10415,2025-08-14,675.01,paid
3689,308,10415,2025-09-14,675.01,paid
3690,308,10415,2025-10-14,675.01,paid
3691,308,10415,2025-11-14,675.01,paid
3692,308,10415,2025-12-14,675.01,paid
3693,308,10415,2026-01-14,675.01,paid
3694,308,10415,2026-02-14,675.01,paid
3695,308,10415,2026-03-14,675.01,paid
3696,308,10415,2026-04-14,675.01,paid
3697,309,10416,2025-02-24,1155.45,paid
3698,309,10416,2025-03-24,1155.45,paid
3699,309,10416,2025-04-24,1155.45,paid
3700,309,10416,2025-05-24,1155.45,paid
3701,309,10416,2025-06-24,1155.45,paid
3702,309,10416,2025-07-24,1155.45,paid
3703,309,10416,2025-08-24,1155.45,paid
3704,309,10416,2025-09-24,1155.45,paid
3705,309,10416,2025-10-24,1155.45,paid
3706,309,10416,2025-11-24,1155.45,failed
3707,309,10416,2025-12-24,1155.45,paid
3708,309,10416,2026-01-24,1155.45,paid
3709,310,10417,2025-09-08,872.58,paid
3710,310,10417,2025-10-08,872.58,paid
3711,310,10417,2025-11-08,872.58,paid
3712,310,10417,2025-12-08,872.58,paid
3713,310,10417,2026-01-08,872.58,paid
3714,310,10417,2026-02-08,872.58,paid
3715,310,10417,2026-03-08,872.58,paid
3716,310,10417,2026-04-08,872.58,paid
3717,310,10417,2026-05-08,872.58,paid
3718,310,10417,2026-06-08,872.58,paid
3719,310,10417,2026-07-08,872.58,paid
3720,310,10417,2026-08-08,872.58,paid
3721,311,10420,2025-12-03,12664.02,paid
3722,311,10420,2026-01-03,12664.02,paid
3723,311,10420,2026-02-03,12664.02,paid
3724,311,10420,2026-03-03,12664.02,paid
3725,311,10420,2026-04-03,12664.02,paid
3726,311,10420,2026-05-03,12664.02,paid
3727,311,10420,2026-06-03,12664.02,paid
3728,311,10420,2026-07-03,12664.02,paid
3729,311,10420,2026-08-03,12664.02,paid
3730,311,10420,2026-09-03,12664.02,paid
3731,311,10420,2026-10-03,12664.02,paid
3732,311,10420,2026-11-03,12664.02,paid
3733,312,10421,2025-12-25,4711.83,paid
3734,312,10421,2026-01-25,4711.83,paid
3735,312,10421,2026-02-25,4711.83,paid
3736,312,10421,2026-03-25,4711.83,paid
3737,312,10421,2026-04-25,4711.83,paid
3738,312,10421,2026-05-25,4711.83,paid
3739,312,10421,2026-06-25,4711.83,paid
3740,312,10421,2026-07-25,4711.83,paid
3741,312,10421,2026-08-25,4711.83,paid
3742,312,10421,2026-09-25,-25.0,paid
3743,312,10421,2026-10-25,4711.83,paid
3744,312,10421,2026-11-25,4711.83,paid
3745,313,10422,2025-09-24,791.64,paid
3746,313,10422,2025-10-24,791.64,paid
3747,313,10422,2025-11-24,791.64,paid
3748,313,10422,2025-12-24,791.64,paid
3749,313,10422,2026-01-24,791.64,paid
3750,313,10422,2026-02-24,791.64,paid
3751,313,10422,2026-03-24,791.64,paid
3752,313,10422,2026-04-24,791.64,paid
3753,313,10422,2026-05-24,791.64,paid
3754,313,10422,2026-06-24,791.64,paid
3755,313,10422,2026-07-24,791.64,paid
3756,313,10422,2026-08-24,791.64,paid
3757,314,10423,2026-01-05,1042.35,paid
3758,314,10423,2026-02-05,1042.35,paid
3759,314,10423,2026-03-05,1042.35,paid
3760,314,10423,2026-04-05,1042.35,paid
3761,314,10423,2026-05-05,1042.35,paid
3762,314,10423,2026-06-05,1042.35,paid
3763,314,10423,2026-07-05,1042.35,paid
3764,314,10423,2026-08-05,1042.35,paid
3765,314,10423,2026-09-05,1042.35,paid
3766,314,10423,2026-10-05,1042.35,paid
3767,314,10423,2026-11-05,1042.35,failed
3768,314,10423,2026-12-05,1042.35,paid
3769,315,10425,2026-02-21,4027.49,paid
3770,315,10425,2026-03-21,4027.49,paid
3771,315,10425,2026-04-21,4027.49,paid
3772,315,10425,2026-05-21,4027.49,paid
3773,315,10425,2026-06-21,4027.49,paid
3774,315,10425,2026-07-21,4027.49,paid
3775,315,10425,2026-08-21,4027.49,paid
3776,315,10425,2026-09-21,4027.49,paid
3777,315,10425,2026-10-21,4027.49,paid
3778,315,10425,2026-11-21,4027.49,paid
3779,315,10425,2026-12-21,4027.49,paid
3780,315,10425,2027-01-21,4027.49,paid
3781,316,10426,2025-11-06,9401.49,paid
3782,316,10426,2025-12-06,9401.49,paid
3783,316,10426,2026-01-06,9401.49,paid
3784,316,10426,2026-02-06,9401.49,paid
3785,316,10426,2026-03-06,9401.49,paid
3786,316,10426,2026-04-06,9401.49,paid
3787,316,10426,2026-05-06,9401.49,failed
3788,316,10426,2026-06-06,9401.49,paid
3789,316,10426,2026-07-06,9401.49,paid
3790,316,10426,2026-08-06,9401.49,paid
3791,316,10426,2026-09-06,9401.49,paid
3792,316,10426,2026-10-06,9401.49,paid
3793,317,10427,2025-07-24,1126.43,paid
3794,317,10427,2025-08-24,1126.43,failed
3795,317,10427,2025-09-24,1126.43,paid
3796,317,10427,2025-10-24,1126.43,paid
3797,317,10427,2025-11-24,1126.43,paid
3798,317,10427,2025-12-24,1126.43,paid
3799,317,10427,2026-01-24,1126.43,paid
3800,317,10427,2026-02-24,1126.43,paid
3801,317,10427,2026-03-24,1126.43,paid
3802,317,10427,2026-04-24,1126.43,paid
3803,317,10427,2026-05-24,1126.43,paid
3804,317,10427,2026-06-24,1126.43,paid
3805,318,10428,2025-11-29,15872.06,paid
3806,318,10428,2025-12-29,15872.06,paid
3807,318,10428,2026-01-29,15872.06,paid
3808,318,10428,2026-02-28,15872.06,paid
3809,318,10428,2026-03-29,15872.06,paid
3810,318,10428,2026-04-29,15872.06,paid
3811,318,10428,2026-05-29,15872.06,paid
3812,318,10428,2026-06-29,15872.06,paid
3813,318,10428,2026-07-29,15872.06,paid
3814,318,10428,2026-08-29,15872.06,paid
3815,318,10428,2026-09-29,15872.06,paid
3816,318,10428,2026-10-29,15872.06,paid
3817,319,10429,2025-06-22,1174.06,paid
3818,319,10429,2025-07-22,1174.06,paid
3819,319,10429,2025-08-22,1174.06,paid
3820,319,10429,2025-09-22,1174.06,failed
3821,319,10429,2025-10-22,1174.06,paid
3822,319,10429,2025-11-22,1174.06,paid
3823,319,10429,2025-12-22,1174.06,paid
3824,319,10429,2026-01-22,1174.06,paid
3825,319,10429,2026-02-22,1174.06,paid
3826,319,10429,2026-03-22,1174.06,paid
3827,319,10429,2026-04-22,1174.06,paid
3828,319,10429,2026-05-22,1174.06,failed
3829,320,10430,2025-07-19,15340.76,paid
3830,320,10430,2025-08-19,15340.76,failed
3831,320,10430,2025-09-19,15340.76,paid
3832,320,10430,2025-10-19,15340.76,paid
3833,320,10430,2025-11-19,15340.76,paid
3834,320,10430,2025-12-19,15340.76,paid
3835,320,10430,2026-01-19,15340.76,paid
3836,320,10430,2026-02-19,15340.76,paid
3837,320,10430,2026-03-19,15340.76,paid
3838,320,10430,2026-04-19,15340.76,paid
3839,320,10430,2026-05-19,15340.76,paid
3840,320,10430,2026-06-19,15340.76,paid
3841,321,10431,2025-10-21,14343.37,paid
3842,321,10431,2025-11-21,14343.37,paid
3843,321,10431,2025-12-21,14343.37,paid
3844,321,10431,2026-01-21,14343.37,paid
3845,321,10431,2026-02-21,14343.37,paid
3846,321,10431,2026-03-21,14343.37,paid
3847,321,10431,2026-04-21,14343.37,paid
3848,321,10431,2026-05-21,14343.37,paid
3849,321,10431,2026-06-21,14343.37,paid
3850,321,10431,2026-07-21,14343.37,paid
3851,321,10431,2026-08-21,14343.37,paid
3852,321,10431,2026-09-21,14343.37,paid
3853,322,10432,2025-10-10,4271.04,paid
3854,322,10432,2025-11-10,4271.04,paid
3855,322,10432,2025-12-10,4271.04,paid
3856,322,10432,2026-01-10,4271.04,failed
3857,322,10432,2026-02-10,4271.04,paid
3858,322,10432,2026-03-10,4271.04,paid
3859,322,10432,2026-04-10,4271.04,paid
3860,322,10432,2026-05-10,4271.04,paid
3861,322,10432,2026-06-10,4271.04,paid
3862,322,10432,2026-07-10,4271.04,paid
3863,322,10432,2026-08-10,4271.04,failed
3864,322,10432,2026-09-10,4271.04,paid
3865,323,10433,2025-10-15,3045.19,paid
3866,323,10433,2025-11-15,3045.19,paid
3867,323,10433,2025-12-15,3045.19,paid
3868,323,10433,2026-01-15,3045.19,paid
3869,323,10433,2026-02-15,3045.19,paid
3870,323,10433,2026-03-15,3045.19,paid
3871,323,10433,2026-04-15,3045.19,paid
3872,323,10433,2026-05-15,3045.19,paid
3873,323,10433,2026-06-15,3045.19,failed
3874,323,10433,2026-07-15,3045.19,paid
3875,323,10433,2026-08-15,3045.19,paid
3876,323,10433,2026-09-15,3045.19,paid
3877,324,10434,2025-04-15,11980.06,paid
3878,324,10434,2025-05-15,11980.06,paid
3879,324,10434,2025-06-15,11980.06,paid
3880,324,10434,2025-07-15,11980.06,paid
3881,324,10434,2025-08-15,11980.06,paid
3882,324,10434,2025-09-15,11980.06,paid
3883,324,10434,2025-10-15,11980.06,paid
3884,324,10434,2025-11-15,11980.06,paid
3885,324,10434,2025-12-15,11980.06,paid
3886,324,10434,2026-01-15,11980.06,paid
3887,324,10434,2026-02-15,11980.06,paid
3888,324,10434,2026-03-15,11980.06,paid
3889,325,10437,2025-04-30,727.8,paid
3890,325,10437,2025-05-31,727.8,paid
3891,325,10437,2025-06-30,727.8,paid
3892,325,10437,2025-07-31,727.8,paid
3893,325,10437,2025-08-31,727.8,paid
3894,325,10437,2025-09-30,727.8,paid
3895,325,10437,2025-10-31,727.8,paid
3896,325,10437,2025-11-30,-25.0,paid
3897,325,10437,2025-12-31,727.8,paid
3898,325,10437,2026-01-31,727.8,paid
3899,325,10437,2026-02-28,727.8,paid
3900,325,10437,2026-03-31,727.8,paid
3901,326,10438,2025-02-19,4246.44,failed
3902,326,10438,2025-03-19,4246.44,paid
3903,326,10438,2025-04-19,4246.44,paid
3904,326,10438,2025-05-19,4246.44,paid
3905,326,10438,2025-06-19,4246.44,paid
3906,326,10438,2025-07-19,4246.44,paid
3907,326,10438,2025-08-19,4246.44,paid
3908,326,10438,2025-09-19,4246.44,paid
3909,326,10438,2025-10-19,4246.44,paid
3910,326,10438,2025-11-19,4246.44,paid
3911,326,10438,2025-12-19,4246.44,paid
3912,326,10438,2026-01-19,4246.44,paid
3913,327,10439,2026-01-17,3599.29,paid
3914,327,10439,2026-02-17,3599.29,paid
3915,327,10439,2026-03-17,3599.29,paid
3916,327,10439,2026-04-17,3599.29,paid
3917,327,10439,2026-05-17,3599.29,paid
3918,327,10439,2026-06-17,3599.29,paid
3919,327,10439,2026-07-17,3599.29,paid
3920,327,10439,2026-08-17,3599.29,paid
3921,327,10439,2026-09-17,3599.29,paid
3922,327,10439,2026-10-17,3599.29,paid
3923,327,10439,2026-11-17,3599.29,paid
3924,327,10439,2026-12-17,3599.29,paid
3925,328,10440,2025-02-27,5059.05,paid
3926,328,10440,2025-03-27,5059.05,paid
3927,328,10440,2025-04-27,5059.05,paid
3928,328,10440,2025-05-27,5059.05,paid
3929,328,10440,2025-06-27,5059.05,paid
3930,328,10440,2025-07-27,5059.05,paid
3931,328,10440,2025-08-27,5059.05,paid
3932,328,10440,2025-09-27,5059.05,paid
3933,328,10440,2025-10-27,5059.05,paid
3934,328,10440,2025-11-27,5059.05,paid
3935,328,10440,2025-12-27,5059.05,paid
3936,328,10440,2026-01-27,5059.05,paid
3937,329,10441,2026-01-22,9832.07,paid
3938,329,10441,2026-02-22,9832.07,paid
3939,329,10441,2026-03-22,9832.07,paid
3940,329,10441,2026-04-22,9832.07,paid
3941,329,10441,2026-05-22,9832.07,paid
3942,329,10441,2026-06-22,9832.07,failed
3943,329,10441,2026-07-22,9832.07,paid
3944,329,10441,2026-08-22,9832.07,paid
3945,329,10441,2026-09-22,9832.07,paid
3946,329,10441,2026-10-22,9832.07,paid
3947,329,10441,2026-11-22,9832.07,paid
3948,329,10441,2026-12-22,9832.07,paid
3949,330,10442,2025-04-08,783.11,paid
3950,330,10442,2025-05-08,783.11,paid
3951,330,10442,2025-06-08,783.11,paid
3952,330,10442,2025-07-08,783.11,paid
3953,330,10442,2025-08-08,783.11,paid
3954,330,10442,2025-09-08,783.11,paid
3955,330,10442,2025-10-08,783.11,failed
3956,330,10442,2025-11-08,783.11,paid
3957,330,10442,2025-12-08,783.11,paid
3958,330,10442,2026-01-08,783.11,paid
3959,330,10442,2026-02-08,783.11,paid
3960,330,10442,2026-03-08,783.11,paid
3961,331,10444,2025-10-28,743.96,paid
3962,331,10444,2025-11-28,743.96,paid
3963,331,10444,2025-12-28,743.96,paid
3964,331,10444,2026-01-28,743.96,paid
3965,331,10444,2026-02-28,743.96,paid
3966,331,10444,2026-03-28,743.96,paid
3967,331,10444,2026-04-28,743.96,paid
3968,331,10444,2026-05-28,743.96,paid
3969,331,10444,2026-06-28,743.96,paid
3970,331,10444,2026-07-28,743.96,paid
3971,331,10444,2026-08-28,743.96,paid
3972,331,10444,2026-09-28,743.96,paid
3973,332,10445,2025-08-18,775.97,paid
3974,332,10445,2025-09-18,775.97,paid
3975,332,10445,2025-10-18,775.97,paid
3976,332,10445,2025-11-18,775.97,paid
3977,332,10445,2025-12-18,775.97,paid
3978,332,10445,2026-01-18,775.97,paid
3979,332,10445,2026-02-18,775.97,paid
3980,332,10445,2026-03-18,775.97,paid
3981,332,10445,2026-04-18,775.97,paid
3982,332,10445,2026-05-18,775.97,paid
3983,332,10445,2026-06-18,775.97,paid
3984,332,10445,2026-07-18,775.97,paid
3985,333,10446,2025-04-21,4878.19,paid
3986,333,10446,2025-05-21,4878.19,paid
3987,333,10446,2025-06-21,4878.19,paid
3988,333,10446,2025-07-21,4878.19,paid
3989,333,10446,2025-08-21,4878.19,paid
3990,333,10446,2025-09-21,4878.19,paid
3991,333,10446,2025-10-21,4878.19,paid
3992,333,10446,2025-11-21,4878.19,paid
3993,333,10446,2025-12-21,4878.19,paid
3994,333,10446,2026-01-21,4878.19,paid
3995,333,10446,2026-02-21,4878.19,paid
3996,333,10446,2026-03-21,4878.19,paid
3997,334,10448,2025-07-03,4914.34,paid
3998,334,10448,2025-08-03,4914.34,paid
3999,334,10448,2025-09-03,4914.34,paid
4000,334,10448,2025-10-03,4914.34,paid
4001,334,10448,2025-11-03,4914.34,paid
4002,334,10448,2025-12-03,4914.34,paid
4003,334,10448,2026-01-03,4914.34,paid
4004,334,10448,2026-02-03,4914.34,paid
4005,334,10448,2026-03-03,4914.34,paid
4006,334,10448,2026-04-03,4914.34,paid
4007,334,10448,2026-05-03,4914.34,paid
4008,334,10448,2026-06-03,4914.34,paid
4009,335,10449,2025-11-28,995.81,paid
4010,335,10449,2025-12-28,995.81,paid
4011,335,10449,2026-01-28,995.81,paid
4012,335,10449,2026-02-28,995.81,paid
4013,335,10449,2026-03-28,995.81,paid
4014,335,10449,2026-04-28,995.81,paid
4015,335,10449,2026-05-28,995.81,failed
4016,335,10449,2026-06-28,995.81,paid
4017,335,10449,2026-07-28,995.81,paid
4018,335,10449,2026-08-28,995.81,paid
4019,335,10449,2026-09-28,995.81,paid
4020,335,10449,2026-10-28,995.81,paid
4021,336,10450,2025-05-29,3183.08,paid
4022,336,10450,2025-06-29,3183.08,paid
4023,336,10450,2025-07-29,3183.08,paid
4024,336,10450,2025-08-29,3183.08,paid
4025,336,10450,2025-09-29,3183.08,paid
4026,336,10450,2025-10-29,3183.08,paid
4027,336,10450,2025-11-29,3183.08,paid
4028,336,10450,2025-12-29,3183.08,paid
4029,336,10450,2026-01-29,3183.08,paid
4030,336,10450,2026-02-28,3183.08,paid
4031,336,10450,2026-03-29,3183.08,paid
4032,336,10450,2026-04-29,3183.08,paid
4033,337,10451,2025-08-04,803.79,paid
4034,337,10451,2025-09-04,803.79,paid
4035,337,10451,2025-10-04,803.79,paid
4036,337,10451,2025-11-04,803.79,paid
4037,337,10451,2025-12-04,803.79,paid
4038,337,10451,2026-01-04,803.79,paid
4039,337,10451,2026-02-04,803.79,paid
4040,337,10451,2026-03-04,803.79,paid
4041,337,10451,2026-04-04,803.79,paid
4042,337,10451,2026-05-04,803.79,paid
4043,337,10451,2026-06-04,803.79,paid
4044,337,10451,2026-07-04,803.79,paid
4045,338,10452,2026-02-20,14433.44,paid
4046,338,10452,2026-03-20,14433.44,paid
4047,338,10452,2026-04-20,14433.44,failed
4048,338,10452,2026-05-20,14433.44,paid
4049,338,10452,2026-06-20,14433.44,paid
4050,338,10452,2026-07-20,-25.0,paid
4051,338,10452,2026-08-20,14433.44,paid
4052,338,10452,2026-09-20,14433.44,paid
4053,338,10452,2026-10-20,14433.44,paid
4054,338,10452,2026-11-20,14433.44,paid
4055,338,10452,2026-12-20,14433.44,failed
4056,338,10452,2027-01-20,14433.44,paid
4057,339,10453,2025-12-25,4812.32,paid
4058,339,10453,2026-01-25,4812.32,paid
4059,339,10453,2026-02-25,4812.32,paid
4060,339,10453,2026-03-25,4812.32,paid
4061,339,10453,2026-04-25,4812.32,paid
4062,339,10453,2026-05-25,4812.32,paid
4063,339,10453,2026-06-25,4812.32,paid
4064,339,10453,2026-07-25,4812.32,paid
4065,339,10453,2026-08-25,4812.32,paid
4066,339,10453,2026-09-25,4812.32,paid
4067,339,10453,2026-10-25,4812.32,paid
4068,339,10453,2026-11-25,4812.32,paid
4069,340,10454,2025-09-02,954.99,paid
4070,340,10454,2025-10-02,954.99,paid
4071,340,10454,2025-11-02,954.99,paid
4072,340,10454,2025-12-02,954.99,paid
4073,340,10454,2026-01-02,954.99,paid
4074,340,10454,2026-02-02,954.99,paid
4075,340,10454,2026-03-02,954.99,paid
4076,340,10454,2026-04-02,954.99,paid
4077,340,10454,2026-05-02,954.99,paid
4078,340,10454,2026-06-02,954.99,paid
4079,340,10454,2026-07-02,954.99,paid
4080,340,10454,2026-08-02,954.99,paid
4081,341,10455,2026-02-06,815.56,paid
4082,341,10455,2026-03-06,815.56,paid
4083,341,10455,2026-04-06,815.56,paid
4084,341,10455,2026-05-06,815.56,paid
4085,341,10455,2026-06-06,815.56,paid
4086,341,10455,2026-07-06,815.56,paid
4087,341,10455,2026-08-06,815.56,paid
4088,341,10455,2026-09-06,815.56,paid
4089,341,10455,2026-10-06,815.56,paid
4090,341,10455,2026-11-06,815.56,paid
4091,341,10455,2026-12-06,815.56,paid
4092,341,10455,2027-01-06,815.56,paid
4093,342,10456,2025-10-01,736.17,paid
4094,342,10456,2025-11-01,736.17,paid
4095,342,10456,2025-12-01,736.17,paid
4096,342,10456,2026-01-01,736.17,paid
4097,342,10456,2026-02-01,736.17,paid
4098,342,10456,2026-03-01,736.17,paid
4099,342,10456,2026-04-01,736.17,paid
4100,342,10456,2026-05-01,736.17,paid
4101,342,10456,2026-06-01,736.17,paid
4102,342,10456,2026-07-01,736.17,paid
4103,342,10456,2026-08-01,736.17,paid
4104,342,10456,2026-09-01,736.17,paid
4105,343,10458,2025-07-17,2794.75,paid
4106,343,10458,2025-08-17,2794.75,paid
4107,343,10458,2025-09-17,2794.75,paid
4108,343,10458,2025-10-17,2794.75,paid
4109,343,10458,2025-11-17,2794.75,paid
4110,343,10458,2025-12-17,2794.75,paid
4111,343,10458,2026-01-17,2794.75,paid
4112,343,10458,2026-02-17,2794.75,paid
4113,343,10458,2026-03-17,2794.75,paid
4114,343,10458,2026-04-17,2794.75,paid
4115,343,10458,2026-05-17,2794.75,paid
4116,343,10458,2026-06-17,2794.75,paid
4117,344,10459,2025-09-15,4000.22,paid
4118,344,10459,2025-10-15,4000.22,paid
4119,344,10459,2025-11-15,4000.22,paid
4120,344,10459,2025-12-15,4000.22,paid
4121,344,10459,2026-01-15,4000.22,paid
4122,344,10459,2026-02-15,4000.22,paid
4123,344,10459,2026-03-15,4000.22,paid
4124,344,10459,2026-04-15,4000.22,paid
4125,344,10459,2026-05-15,4000.22,paid
4126,344,10459,2026-06-15,4000.22,paid
4127,344,10459,2026-07-15,4000.22,paid
4128,344,10459,2026-08-15,4000.22,failed
4129,345,10460,2026-02-18,4006.59,paid
4130,345,10460,2026-03-18,4006.59,paid
4131,345,10460,2026-04-18,4006.59,paid
4132,345,10460,2026-05-18,4006.59,paid
4133,345,10460,2026-06-18,4006.59,paid
4134,345,10460,2026-07-18,4006.59,paid
4135,345,10460,2026-08-18,4006.59,paid
4136,345,10460,2026-09-18,4006.59,paid
4137,345,10460,2026-10-18,4006.59,paid
4138,345,10460,2026-11-18,4006.59,paid
4139,345,10460,2026-12-18,4006.59,paid
4140,345,10460,2027-01-18,4006.59,paid
4141,346,10461,2026-02-10,4363.02,paid
4142,346,10461,2026-03-10,4363.02,paid
4143,346,10461,2026-04-10,4363.02,paid
4144,346,10461,2026-05-10,4363.02,paid
4145,346,10461,2026-06-10,4363.02,paid
4146,346,10461,2026-07-10,4363.02,paid
4147,346,10461,2026-08-10,4363.02,paid
4148,346,10461,2026-09-10,4363.02,paid
4149,346,10461,2026-10-10,4363.02,failed
4150,346,10461,2026-11-10,4363.02,paid
4151,346,10461,2026-12-10,4363.02,paid
4152,346,10461,2027-01-10,4363.02,paid
4153,347,10462,2026-02-19,987.99,paid
4154,347,10462,2026-03-19,987.99,paid
4155,347,10462,2026-04-19,987.99,paid
4156,347,10462,2026-05-19,987.99,paid
4157,347,10462,2026-06-19,987.99,paid
4158,347,10462,2026-07-19,987.99,paid
4159,347,10462,2026-08-19,987.99,paid
4160,347,10462,2026-09-19,987.99,paid
4161,347,10462,2026-10-19,987.99,paid
4162,347,10462,2026-11-19,987.99,paid
4163,347,10462,2026-12-19,987.99,paid
4164,347,10462,2027-01-19,987.99,paid
4165,348,10463,2025-09-25,17254.1,paid
4166,348,10463,2025-10-25,17254.1,paid
4167,348,10463,2025-11-25,17254.1,paid
4168,348,10463,2025-12-25,17254.1,paid
4169,348,10463,2026-01-25,17254.1,paid
4170,348,10463,2026-02-25,17254.1,paid
4171,348,10463,2026-03-25,17254.1,paid
4172,348,10463,2026-04-25,17254.1,paid
4173,348,10463,2026-05-25,17254.1,paid
4174,348,10463,2026-06-25,17254.1,failed
4175,348,10463,2026-07-25,17254.1,paid
4176,348,10463,2026-08-25,17254.1,paid
4177,349,10464,2025-11-11,1043.92,paid
4178,349,10464,2025-12-11,1043.92,paid
4179,349,10464,2026-01-11,1043.92,paid
4180,349,10464,2026-02-11,1043.92,paid
4181,349,10464,2026-03-11,1043.92,paid
4182,349,10464,2026-04-11,1043.92,paid
4183,349,10464,2026-05-11,1043.92,paid
4184,349,10464,2026-06-11,1043.92,paid
4185,349,10464,2026-07-11,1043.92,paid
4186,349,10464,2026-08-11,1043.92,paid
4187,349,10464,2026-09-11,1043.92,paid
4188,349,10464,2026-10-11,1043.92,paid
4189,350,10465,2025-03-28,2961.0,paid
4190,350,10465,2025-04-28,2961.0,paid
4191,350,10465,2025-05-28,2961.0,paid
4192,350,10465,2025-06-28,2961.0,paid
4193,350,10465,2025-07-28,2961.0,paid
4194,350,10465,2025-08-28,2961.0,paid
4195,350,10465,2025-09-28,2961.0,paid
4196,350,10465,2025-10-28,2961.0,paid
4197,350,10465,2025-11-28,2961.0,paid
4198,350,10465,2025-12-28,2961.0,paid
4199,350,10465,2026-01-28,2961.0,paid
4200,350,10465,2026-02-28,2961.0,paid
4201,351,10466,2025-12-10,2874.41,paid
4202,351,10466,2026-01-10,2874.41,paid
4203,351,10466,2026-02-10,2874.41,paid
4204,351,10466,2026-03-10,2874.41,paid
4205,351,10466,2026-04-10,2874.41,paid
4206,351,10466,2026-05-10,2874.41,paid
4207,351,10466,2026-06-10,2874.41,paid
4208,351,10466,2026-07-10,2874.41,paid
4209,351,10466,2026-08-10,2874.41,paid
4210,351,10466,2026-09-10,2874.41,paid
4211,351,10466,2026-10-10,2874.41,paid
4212,351,10466,2026-11-10,2874.41,paid
4213,352,10467,2025-05-08,2873.53,paid
4214,352,10467,2025-06-08,2873.53,paid
4215,352,10467,2025-07-08,2873.53,paid
4216,352,10467,2025-08-08,2873.53,paid
4217,352,10467,2025-09-08,2873.53,paid
4218,352,10467,2025-10-08,2873.53,paid
4219,352,10467,2025-11-08,2873.53,paid
4220,352,10467,2025-12-08,2873.53,paid
4221,352,10467,2026-01-08,2873.53,paid
4222,352,10467,2026-02-08,2873.53,paid
4223,352,10467,2026-03-08,2873.53,paid
4224,352,10467,2026-04-08,2873.53,paid
4225,353,10468,2026-01-29,13980.9,paid
4226,353,10468,2026-02-28,13980.9,paid
4227,353,10468,2026-03-29,13980.9,paid
4228,353,10468,2026-04-29,13980.9,paid
4229,353,10468,2026-05-29,13980.9,paid
4230,353,10468,2026-06-29,13980.9,paid
4231,353,10468,2026-07-29,13980.9,paid
4232,353,10468,2026-08-29,13980.9,paid
4233,353,10468,2026-09-29,13980.9,paid
4234,353,10468,2026-10-29,13980.9,paid
4235,353,10468,2026-11-29,13980.9,paid
4236,353,10468,2026-12-29,13980.9,paid
4237,354,10469,2025-09-27,1075.24,paid
4238,354,10469,2025-10-27,1075.24,paid
4239,354,10469,2025-11-27,1075.24,paid
4240,354,10469,2025-12-27,1075.24,paid
4241,354,10469,2026-01-27,1075.24,paid
4242,354,10469,2026-02-27,1075.24,paid
4243,354,10469,2026-03-27,1075.24,paid
4244,354,10469,2026-04-27,1075.24,paid
4245,354,10469,2026-05-27,1075.24,paid
4246,354,10469,2026-06-27,1075.24,paid
4247,354,10469,2026-07-27,1075.24,paid
4248,354,10469,2026-08-27,1075.24,paid
4249,355,10470,2025-04-28,4820.14,paid
4250,355,10470,2025-05-28,4820.14,paid
4251,355,10470,2025-06-28,4820.14,paid
4252,355,10470,2025-07-28,4820.14,paid
4253,355,10470,2025-08-28,4820.14,paid
4254,355,10470,2025-09-28,4820.14,paid
4255,355,10470,2025-10-28,4820.14,paid
4256,355,10470,2025-11-28,4820.14,paid
4257,355,10470,2025-12-28,4820.14,paid
4258,355,10470,2026-01-28,4820.14,paid
4259,355,10470,2026-02-28,4820.14,paid
4260,355,10470,2026-03-28,4820.14,paid
4261,356,10473,2025-05-17,1112.86,paid
4262,356,10473,2025-06-17,1112.86,paid
4263,356,10473,2025-07-17,1112.86,paid
4264,356,10473,2025-08-17,1112.86,paid
4265,356,10473,2025-09-17,1112.86,paid
4266,356,10473,2025-10-17,1112.86,paid
4267,356,10473,2025-11-17,1112.86,paid
4268,356,10473,2025-12-17,1112.86,paid
4269,356,10473,2026-01-17,1112.86,paid
4270,356,10473,2026-02-17,1112.86,paid
4271,356,10473,2026-03-17,1112.86,paid
4272,356,10473,2026-04-17,1112.86,paid
4273,357,10474,2026-01-09,1214.91,paid
4274,357,10474,2026-02-09,1214.91,paid
4275,357,10474,2026-03-09,1214.91,paid
4276,357,10474,2026-04-09,1214.91,paid
4277,357,10474,2026-05-09,1214.91,paid
4278,357,10474,2026-06-09,1214.91,paid
4279,357,10474,2026-07-09,1214.91,paid
4280,357,10474,2026-08-09,1214.91,paid
4281,357,10474,2026-09-09,1214.91,paid
4282,357,10474,2026-10-09,1214.91,paid
4283,357,10474,2026-11-09,1214.91,paid
4284,357,10474,2026-12-09,1214.91,paid
4285,358,10475,2025-11-27,1281.14,paid
4286,358,10475,2025-12-27,1281.14,paid
4287,358,10475,2026-01-27,1281.14,failed
4288,358,10475,2026-02-27,1281.14,paid
4289,358,10475,2026-03-27,1281.14,paid
4290,358,10475,2026-04-27,1281.14,paid
4291,358,10475,2026-05-27,1281.14,paid
4292,358,10475,2026-06-27,1281.14,paid
4293,358,10475,2026-07-27,1281.14,paid
4294,358,10475,2026-08-27,1281.14,paid
4295,358,10475,2026-09-27,1281.14,paid
4296,358,10475,2026-10-27,1281.14,failed
4297,359,10477,2026-02-04,4608.2,paid
4298,359,10477,2026-03-04,4608.2,paid
4299,359,10477,2026-04-04,4608.2,paid
4300,359,10477,2026-05-04,4608.2,paid
4301,359,10477,2026-06-04,4608.2,paid
4302,359,10477,2026-07-04,4608.2,paid
4303,359,10477,2026-08-04,4608.2,paid
4304,359,10477,2026-09-04,4608.2,paid
4305,359,10477,2026-10-04,4608.2,paid
4306,359,10477,2026-11-04,4608.2,failed
4307,359,10477,2026-12-04,4608.2,paid
4308,359,10477,2027-01-04,4608.2,paid
4309,360,10478,2026-01-29,4382.15,paid
4310,360,10478,2026-02-28,4382.15,paid
4311,360,10478,2026-03-29,4382.15,paid
4312,360,10478,2026-04-29,4382.15,paid
4313,360,10478,2026-05-29,4382.15,paid
4314,360,10478,2026-06-29,4382.15,paid
4315,360,10478,2026-07-29,4382.15,paid
4316,360,10478,2026-08-29,4382.15,paid
4317,360,10478,2026-09-29,4382.15,paid
4318,360,10478,2026-10-29,4382.15,paid
4319,360,10478,2026-11-29,4382.15,paid
4320,360,10478,2026-12-29,4382.15,paid
4321,361,10480,2026-02-17,752.99,paid
4322,361,10480,2026-03-17,752.99,paid
4323,361,10480,2026-04-17,752.99,paid
4324,361,10480,2026-05-17,752.99,paid
4325,361,10480,2026-06-17,752.99,paid
4326,361,10480,2026-07-17,752.99,paid
4327,361,10480,2026-08-17,752.99,paid
4328,361,10480,2026-09-17,752.99,paid
4329,361,10480,2026-10-17,752.99,paid
4330,361,10480,2026-11-17,752.99,paid
4331,361,10480,2026-12-17,752.99,paid
4332,361,10480,2027-01-17,752.99,paid
4333,362,10481,2025-12-03,807.49,paid
4334,362,10481,2026-01-03,807.49,paid
4335,362,10481,2026-02-03,807.49,paid
4336,362,10481,2026-03-03,807.49,paid
4337,362,10481,2026-04-03,807.49,paid
4338,362,10481,2026-05-03,807.49,paid
4339,362,10481,2026-06-03,807.49,paid
4340,362,10481,2026-07-03,807.49,paid
4341,362,10481,2026-08-03,807.49,paid
4342,362,10481,2026-09-03,807.49,paid
4343,362,10481,2026-10-03,807.49,paid
4344,362,10481,2026-11-03,807.49,paid
4345,363,10483,2025-06-30,4313.53,paid
4346,363,10483,2025-07-30,4313.53,paid
4347,363,10483,2025-08-30,4313.53,paid
4348,363,10483,2025-09-30,4313.53,paid
4349,363,10483,2025-10-30,4313.53,paid
4350,363,10483,2025-11-30,4313.53,paid
4351,363,10483,2025-12-30,4313.53,paid
4352,363,10483,2026-01-30,4313.53,paid
4353,363,10483,2026-02-28,4313.53,paid
4354,363,10483,2026-03-30,4313.53,paid
4355,363,10483,2026-04-30,4313.53,paid
4356,363,10483,2026-05-30,4313.53,paid
4357,364,10485,2026-02-03,959.18,paid
4358,364,10485,2026-03-03,959.18,paid
4359,364,10485,2026-04-03,959.18,paid
4360,364,10485,2026-05-03,959.18,paid
4361,364,10485,2026-06-03,959.18,paid
4362,364,10485,2026-07-03,959.18,paid
4363,364,10485,2026-08-03,959.18,paid
4364,364,10485,2026-09-03,959.18,paid
4365,364,10485,2026-10-03,959.18,paid
4366,364,10485,2026-11-03,959.18,paid
4367,364,10485,2026-12-03,959.18,paid
4368,364,10485,2027-01-03,959.18,paid
4369,365,10486,2025-04-27,1058.79,paid
4370,365,10486,2025-05-27,1058.79,paid
4371,365,10486,2025-06-27,1058.79,paid
4372,365,10486,2025-07-27,1058.79,paid
4373,365,10486,2025-08-27,1058.79,paid
4374,365,10486,2025-09-27,1058.79,paid
4375,365,10486,2025-10-27,1058.79,paid
4376,365,10486,2025-11-27,1058.79,paid
4377,365,10486,2025-12-27,1058.79,paid
4378,365,10486,2026-01-27,1058.79,paid
4379,365,10486,2026-02-27,1058.79,paid
4380,365,10486,2026-03-27,1058.79,paid
4381,366,10487,2025-12-08,4997.99,paid
4382,366,10487,2026-01-08,4997.99,paid
4383,366,10487,2026-02-08,4997.99,paid
4384,366,10487,2026-03-08,4997.99,paid
4385,366,10487,2026-04-08,4997.99,paid
4386,366,10487,2026-05-08,4997.99,paid
4387,366,10487,2026-06-08,4997.99,paid
4388,366,10487,2026-07-08,4997.99,paid
4389,366,10487,2026-08-08,4997.99,paid
4390,366,10487,2026-09-08,4997.99,paid
4391,366,10487,2026-10-08,4997.99,paid
4392,366,10487,2026-11-08,4997.99,paid
4393,367,10489,2025-11-17,3613.6,paid
4394,367,10489,2025-12-17,3613.6,paid
4395,367,10489,2026-01-17,3613.6,paid
4396,367,10489,2026-02-17,3613.6,paid
4397,367,10489,2026-03-17,3613.6,paid
4398,367,10489,2026-04-17,3613.6,paid
4399,367,10489,2026-05-17,3613.6,paid
4400,367,10489,2026-06-17,3613.6,paid
4401,367,10489,2026-07-17,3613.6,failed
4402,367,10489,2026-08-17,3613.6,paid
4403,367,10489,2026-09-17,3613.6,paid
4404,367,10489,2026-10-17,3613.6,paid
4405,368,10490,2025-07-17,3550.51,paid
4406,368,10490,2025-08-17,3550.51,paid
4407,368,10490,2025-09-17,3550.51,paid
4408,368,10490,2025-10-17,3550.51,paid
4409,368,10490,2025-11-17,3550.51,paid
4410,368,10490,2025-12-17,3550.51,paid
4411,368,10490,2026-01-17,3550.51,paid
4412,368,10490,2026-02-17,3550.51,paid
4413,368,10490,2026-03-17,3550.51,paid
4414,368,10490,2026-04-17,3550.51,paid
4415,368,10490,2026-05-17,3550.51,paid
4416,368,10490,2026-06-17,3550.51,paid
4417,369,10494,2025-05-13,1059.9,paid
4418,369,10494,2025-06-13,1059.9,paid
4419,369,10494,2025-07-13,1059.9,paid
4420,369,10494,2025-08-13,1059.9,paid
4421,369,10494,2025-09-13,1059.9,paid
4422,369,10494,2025-10-13,1059.9,paid
4423,369,10494,2025-11-13,1059.9,paid
4424,369,10494,2025-12-13,1059.9,paid
4425,369,10494,2026-01-13,1059.9,paid
4426,369,10494,2026-02-13,1059.9,paid
4427,369,10494,2026-03-13,1059.9,paid
4428,369,10494,2026-04-13,1059.9,paid
4429,370,10495,2025-12-10,4917.98,paid
4430,370,10495,2026-01-10,4917.98,paid
4431,370,10495,2026-02-10,4917.98,paid
4432,370,10495,2026-03-10,4917.98,paid
4433,370,10495,2026-04-10,4917.98,paid
4434,370,10495,2026-05-10,4917.98,paid
4435,370,10495,2026-06-10,4917.98,paid
4436,370,10495,2026-07-10,4917.98,paid
4437,370,10495,2026-08-10,4917.98,paid
4438,370,10495,2026-09-10,4917.98,paid
4439,370,10495,2026-10-10,4917.98,paid
4440,370,10495,2026-11-10,4917.98,paid
4441,371,10496,2025-03-17,2912.38,paid
4442,371,10496,2025-04-17,2912.38,paid
4443,371,10496,2025-05-17,2912.38,paid
4444,371,10496,2025-06-17,2912.38,paid
4445,371,10496,2025-07-17,2912.38,paid
4446,371,10496,2025-08-17,2912.38,paid
4447,371,10496,2025-09-17,2912.38,paid
4448,371,10496,2025-10-17,2912.38,paid
4449,371,10496,2025-11-17,2912.38,paid
4450,371,10496,2025-12-17,2912.38,paid
4451,371,10496,2026-01-17,2912.38,paid
4452,371,10496,2026-02-17,2912.38,paid
4453,372,10497,2026-01-07,5071.75,paid
4454,372,10497,2026-02-07,5071.75,paid
4455,372,10497,2026-03-07,5071.75,paid
4456,372,10497,2026-04-07,5071.75,paid
4457,372,10497,2026-05-07,5071.75,paid
4458,372,10497,2026-06-07,5071.75,paid
4459,372,10497,2026-07-07,5071.75,paid
4460,372,10497,2026-08-07,5071.75,paid
4461,372,10497,2026-09-07,5071.75,paid
4462,372,10497,2026-10-07,5071.75,paid
4463,372,10497,2026-11-07,5071.75,paid
4464,372,10497,2026-12-07,5071.75,paid
4465,373,10498,2026-01-25,3008.97,paid
4466,373,10498,2026-02-25,3008.97,paid
4467,373,10498,2026-03-25,3008.97,paid
4468,373,10498,2026-04-25,3008.97,paid
4469,373,10498,2026-05-25,3008.97,paid
4470,373,10498,2026-06-25,3008.97,paid
4471,373,10498,2026-07-25,3008.97,paid
4472,373,10498,2026-08-25,3008.97,paid
4473,373,10498,2026-09-25,3008.97,paid
4474,373,10498,2026-10-25,3008.97,paid
4475,373,10498,2026-11-25,3008.97,paid
4476,373,10498,2026-12-25,3008.97,paid
4477,374,10499,2025-07-18,742.28,paid
4478,374,10499,2025-08-18,742.28,paid
4479,374,10499,2025-09-18,742.28,paid
4480,374,10499,2025-10-18,742.28,paid
4481,374,10499,2025-11-18,742.28,paid
4482,374,10499,2025-12-18,742.28,paid
4483,374,10499,2026-01-18,742.28,paid
4484,374,10499,2026-02-18,742.28,paid
4485,374,10499,2026-03-18,742.28,paid
4486,374,10499,2026-04-18,742.28,paid
4487,374,10499,2026-05-18,742.28,paid
4488,374,10499,2026-06-18,742.28,paid
4489,375,10500,2025-04-01,3397.26,paid
4490,375,10500,2025-05-01,3397.26,paid
4491,375,10500,2025-06-01,3397.26,paid
4492,375,10500,2025-07-01,3397.26,paid
4493,375,10500,2025-08-01,3397.26,paid
4494,375,10500,2025-09-01,3397.26,paid
4495,375,10500,2025-10-01,3397.26,paid
4496,375,10500,2025-11-01,3397.26,paid
4497,375,10500,2025-12-01,3397.26,paid
4498,375,10500,2026-01-01,3397.26,paid
4499,375,10500,2026-02-01,3397.26,paid
4500,375,10500,2026-03-01,3397.26,paid
